draw,k,at_bound,param_Cl_L_h,param_Vc_L,param_Vp_L,param_Q_L_h,model,param_Cl,param_Vc,param_Vp,param_Q
0,0.008369960401093479,False,0.49290400351875124,3.479032179632891,2.23,4.67,delavenne,,,,
1,0.01078639530272893,False,0.823530014156768,2.943288619775586,2.23,4.67,delavenne,,,,
2,0.010893255163629953,False,0.8330911337141579,2.925128165516071,2.23,4.67,delavenne,,,,
3,0.010916644843378811,False,0.9357113209329385,3.059505360353193,2.23,4.67,delavenne,,,,
4,0.01015552968192041,False,0.847680216066373,3.2291049433451526,2.23,4.67,delavenne,,,,
5,0.00819570860637277,False,0.5805205179391015,3.702600805888343,2.23,4.67,delavenne,,,,
6,0.01116491248121687,False,0.5322828715208507,2.414035268247705,2.23,4.67,delavenne,,,,
7,0.009643993424859125,False,0.8049405806909002,3.3802888892972085,2.23,4.67,delavenne,,,,
8,0.008493857270202262,False,0.5092171768049081,3.3519505613011598,2.23,4.67,delavenne,,,,
9,0.01126517365279464,False,0.670140624976121,2.563067515334359,2.23,4.67,delavenne,,,,
10,0.011311390146505987,False,0.5794975913614756,2.4315586734537713,2.23,4.67,delavenne,,,,
11,0.01268170850885306,False,0.8631141886001211,2.4819612106121394,2.23,4.67,delavenne,,,,
12,0.01078204228714721,False,1.0514337170081405,3.306024515497349,2.23,4.67,delavenne,,,,
13,0.011350432639138234,False,0.9523081142890434,2.923864140095738,2.23,4.67,delavenne,,,,
14,0.00982822635091473,False,0.5830908462052525,2.9347563359388933,2.23,4.67,delavenne,,,,
15,0.009994354141289033,False,1.2352350772626153,3.9562940017517056,2.23,4.67,delavenne,,,,
16,0.012882790602750554,False,1.0002833865919873,2.582967019625365,2.23,4.67,delavenne,,,,
17,0.010842078843994043,False,0.7590806316940324,2.811781027278865,2.23,4.67,delavenne,,,,
18,0.012125255502180956,False,0.7391867541220722,2.4720985737134504,2.23,4.67,delavenne,,,,
19,0.010684966282107572,False,1.0835373886231818,3.3899599712991684,2.23,4.67,delavenne,,,,
20,0.010283909659563866,False,0.8947160630084537,3.2716638632098034,2.23,4.67,delavenne,,,,
21,0.00829780939005704,False,0.7226167705535468,3.9288342833510495,2.23,4.67,delavenne,,,,
22,0.010073436050724225,False,0.9581246083184156,3.418104125535102,2.23,4.67,delavenne,,,,
23,0.008329751630899407,False,0.44226108937735464,3.4222258422112444,2.23,4.67,delavenne,,,,
24,0.011276968721718189,False,0.7968945793456138,2.7557427633174014,2.23,4.67,delavenne,,,,
25,0.01251392797185247,False,0.7720940513057712,2.4054647605106525,2.23,4.67,delavenne,,,,
26,0.01190809389319945,False,1.086107381055324,2.9675499501779656,2.23,4.67,delavenne,,,,
27,0.009156749792852513,False,0.7274404739515479,3.457889777019666,2.23,4.67,delavenne,,,,
28,0.00935952232967571,False,0.8788726649615828,3.6433389471585715,2.23,4.67,delavenne,,,,
29,0.007876904319568345,False,0.5119637576474458,3.7446708717228363,2.23,4.67,delavenne,,,,
30,0.01185164875701292,False,1.08729300262213,2.9269289987052773,2.23,4.67,delavenne,,,,
31,0.01323928692321615,False,0.8519496078149682,2.289845583379014,2.23,4.67,delavenne,,,,
32,0.011641299107123877,False,0.8933181296419349,2.7980539193328386,2.23,4.67,delavenne,,,,
33,0.0097443530932905,False,0.9717483679076668,3.5803521354619283,2.23,4.67,delavenne,,,,
34,0.009618163339404122,False,0.6093789288664819,3.078812877305596,2.23,4.67,delavenne,,,,
35,0.010343036930788342,False,0.9178483467720426,3.2902048459959143,2.23,4.67,delavenne,,,,
36,0.01196836173567372,False,1.0869851035469593,2.9151392621815813,2.23,4.67,delavenne,,,,
37,0.009339357554004939,False,0.8437331338863242,3.554463876862316,2.23,4.67,delavenne,,,,
38,0.009450857834977108,False,0.5842065151077159,3.135537343068287,2.23,4.67,delavenne,,,,
39,0.009370388544304095,False,0.994942466156791,3.7918086085720564,2.23,4.67,delavenne,,,,
40,0.00979566135061557,False,0.7574557904583779,3.261645693190191,2.23,4.67,delavenne,,,,
41,0.010993754707703075,False,1.2362751933673672,3.4692601325753394,2.23,4.67,delavenne,,,,
42,0.010123984044936406,False,0.5943696317640248,2.830912074973267,2.23,4.67,delavenne,,,,
43,0.008709657269687336,False,0.5165448964181442,3.3863089413242946,2.23,4.67,delavenne,,,,
44,0.008503483952159024,False,1.2448973820039417,4.783995856393043,2.23,4.67,delavenne,,,,
45,0.012314046321008975,False,1.0150095073688596,2.763812504335529,2.23,4.67,delavenne,,,,
46,0.011022408845595659,False,1.1410375435276783,3.2439956079197083,2.23,4.67,delavenne,,,,
47,0.011629383721880335,False,0.7284636428153336,2.6004225130212397,2.23,4.67,delavenne,,,,
48,0.01203081566615381,False,0.8758019031759963,2.647581646803149,2.23,4.67,delavenne,,,,
49,0.01032866578896314,False,0.9494417877502652,3.284817964716902,2.23,4.67,delavenne,,,,
50,0.010571403326541723,False,1.05843867063646,3.3891296225655596,2.23,4.67,delavenne,,,,
51,0.011415969382107434,False,1.1616501270433712,3.2270518115004125,2.23,4.67,delavenne,,,,
52,0.012034828832493554,False,0.8618712368112833,2.660712576492845,2.23,4.67,delavenne,,,,
53,0.010948293892677104,False,0.8622321564029966,2.9333991343161316,2.23,4.67,delavenne,,,,
54,0.011441085752847528,False,0.744493469367657,2.6474302275104256,2.23,4.67,delavenne,,,,
55,0.00983014268906728,False,0.6720551954807237,3.098224209361472,2.23,4.67,delavenne,,,,
56,0.012375821418789134,False,1.36876515015864,3.2003016041023535,2.23,4.67,delavenne,,,,
57,0.011736724356775974,False,1.1137996302567692,2.995097792866151,2.23,4.67,delavenne,,,,
58,0.011128685948676005,False,1.160660548264838,3.3046489012159226,2.23,4.67,delavenne,,,,
59,0.010665595869386086,False,0.8518703730117306,3.0525970551532,2.23,4.67,delavenne,,,,
60,0.010882228345762619,False,0.8760307418156533,3.0149878011271367,2.23,4.67,delavenne,,,,
61,0.010499766692616281,False,0.8147001159430141,3.018725710022815,2.23,4.67,delavenne,,,,
62,0.00912701373537337,False,0.7683195046123317,3.5844234947172557,2.23,4.67,delavenne,,,,
63,0.01047497634043794,False,1.1972208981922137,3.6226585042090225,2.23,4.67,delavenne,,,,
64,0.011395626090108248,False,0.9082489831915287,2.8883142377710938,2.23,4.67,delavenne,,,,
65,0.014898859465797856,False,1.2866493628693874,2.396210990113052,2.23,4.67,delavenne,,,,
66,0.008947654437957041,False,0.7281967235631366,3.5234837111808597,2.23,4.67,delavenne,,,,
67,0.008778241246752371,False,0.8227178298890527,3.8114349620519103,2.23,4.67,delavenne,,,,
68,0.008597871913838562,False,0.5801998526103591,3.479348432279325,2.23,4.67,delavenne,,,,
69,0.01005948559467368,False,0.8949006681880863,3.3444044956584267,2.23,4.67,delavenne,,,,
70,0.010726895617604157,False,0.7544835073296826,2.896983491730764,2.23,4.67,delavenne,,,,
71,0.011823196160647215,False,1.2961451943607292,3.2480686993007963,2.23,4.67,delavenne,,,,
72,0.009939351580418003,False,0.6028876730669596,2.940065848002995,2.23,4.67,delavenne,,,,
73,0.012046707128706428,False,1.1050961233048153,2.910511563676615,2.23,4.67,delavenne,,,,
74,0.012083231122539801,False,0.9119181903090371,2.6377918249573233,2.23,4.67,delavenne,,,,
75,0.011748882550388529,False,0.8671752509411992,2.7174922516931606,2.23,4.67,delavenne,,,,
76,0.010893075633542545,False,0.8461352343614289,2.9746347545865985,2.23,4.67,delavenne,,,,
77,0.010734999613356283,False,0.743725477796744,2.844278484001839,2.23,4.67,delavenne,,,,
78,0.012051645938936354,False,0.7921326838144003,2.480242201841599,2.23,4.67,delavenne,,,,
79,0.012521119808910889,False,1.2473636271703183,2.9467298197476524,2.23,4.67,delavenne,,,,
80,0.010846760767907688,False,1.185208326166086,3.508637337104447,2.23,4.67,delavenne,,,,
81,0.011191239962884507,False,0.948254043252273,2.9846544585957253,2.23,4.67,delavenne,,,,
82,0.010025107175355307,False,0.7233001718708091,3.070178712296752,2.23,4.67,delavenne,,,,
83,0.009037568898659922,False,0.6696057032861918,3.4272527595215583,2.23,4.67,delavenne,,,,
84,0.008808782263672916,False,0.6870547292882945,3.5731248315651127,2.23,4.67,delavenne,,,,
85,0.010611370654370799,False,0.906493149445649,3.1621935558018177,2.23,4.67,delavenne,,,,
86,0.008782096955704912,False,0.8069979908653422,3.840011801484258,2.23,4.67,delavenne,,,,
87,0.010698580407206625,False,0.814998844024457,2.9798453252679526,2.23,4.67,delavenne,,,,
88,0.010172851075485871,False,0.9804478495004691,3.439493529865656,2.23,4.67,delavenne,,,,
89,0.011526175134715615,False,1.1824068842308366,3.221420122277552,2.23,4.67,delavenne,,,,
90,0.009543091933317129,False,0.6913424356335309,3.2196857576862548,2.23,4.67,delavenne,,,,
91,0.008390418848301351,False,0.6798922783663394,3.751630130669678,2.23,4.67,delavenne,,,,
92,0.011801091320170454,False,0.8955359582232574,2.7303046624703455,2.23,4.67,delavenne,,,,
93,0.011786563373143486,False,1.1444701803440414,3.067194658168145,2.23,4.67,delavenne,,,,
94,0.010785527152941869,False,0.8673481162014732,3.0308564623310548,2.23,4.67,delavenne,,,,
95,0.009305913398110988,False,0.7448803964757258,3.403663985737713,2.23,4.67,delavenne,,,,
96,0.010916990441747838,False,0.8503338730934661,3.0076152974453,2.23,4.67,delavenne,,,,
97,0.008882625446882036,False,0.6629718691231564,3.4698397438638104,2.23,4.67,delavenne,,,,
98,0.01082652080042566,False,1.102278348495408,3.267607726325751,2.23,4.67,delavenne,,,,
99,0.009962813867453669,False,0.7345053480267514,3.0754081760995264,2.23,4.67,delavenne,,,,
100,0.014038811461679375,False,1.3536771503169323,2.670333458329813,2.23,4.67,delavenne,,,,
101,0.011590886036326919,False,1.0008937306703527,2.9305291532556716,2.23,4.67,delavenne,,,,
102,0.011563461632293442,False,0.8238280185884705,2.76562597383095,2.23,4.67,delavenne,,,,
103,0.00973355147289863,False,0.6477360252904611,3.1044828868534573,2.23,4.67,delavenne,,,,
104,0.011292914732190004,False,0.8847382787549939,2.853268461832871,2.23,4.67,delavenne,,,,
105,0.01034825927063015,False,0.9371603994082071,3.282397156940286,2.23,4.67,delavenne,,,,
106,0.012469617560813565,False,0.92322488305724,2.5382372934779354,2.23,4.67,delavenne,,,,
107,0.008616846830332632,False,0.8598169304396305,3.956867851340888,2.23,4.67,delavenne,,,,
108,0.009998056644060319,False,0.9288596679813091,3.409184539323788,2.23,4.67,delavenne,,,,
109,0.011738714413798113,False,0.9305714831298115,2.71911639849618,2.23,4.67,delavenne,,,,
110,0.009789578126699065,False,0.6803938168569381,3.1427575342665715,2.23,4.67,delavenne,,,,
111,0.011088445546024221,False,1.1729988131441387,3.370152367152546,2.23,4.67,delavenne,,,,
112,0.00944879337833508,False,0.8800584293617573,3.5608253898647937,2.23,4.67,delavenne,,,,
113,0.010215878684274112,False,0.9063268929639798,3.265973954894104,2.23,4.67,delavenne,,,,
114,0.010810561087387219,False,0.9707790828383352,3.150395697277716,2.23,4.67,delavenne,,,,
115,0.011251828189277752,False,0.9972886732959679,3.0672132547030153,2.23,4.67,delavenne,,,,
116,0.009541018051754805,False,0.7119866348240486,3.2331822414260736,2.23,4.67,delavenne,,,,
117,0.008279308475029074,False,0.696346489254061,3.8230085026745138,2.23,4.67,delavenne,,,,
118,0.011286556427619499,False,0.9538616575860932,2.919881480249158,2.23,4.67,delavenne,,,,
119,0.009806725265801832,False,1.0467653694975212,3.6921976771253076,2.23,4.67,delavenne,,,,
120,0.011689749708626294,False,1.0498469008357993,2.9441949375910363,2.23,4.67,delavenne,,,,
121,0.010290638257224127,False,0.9148998069978775,3.275031574237214,2.23,4.67,delavenne,,,,
122,0.009170636703069664,False,0.8765155973982185,3.6490598812942836,2.23,4.67,delavenne,,,,
123,0.00970976003585829,False,1.0161371694584362,3.7295833924926285,2.23,4.67,delavenne,,,,
124,0.010685420846983677,False,0.7358068599995925,2.910503155529579,2.23,4.67,delavenne,,,,
125,0.009141196099243793,False,0.6171712005854724,3.2339638433149687,2.23,4.67,delavenne,,,,
126,0.00800226821995158,False,0.585573592176702,3.7911504769741557,2.23,4.67,delavenne,,,,
127,0.013060954256597649,False,1.2176968527355203,2.778193649832607,2.23,4.67,delavenne,,,,
128,0.010498085805912688,False,0.6051840438573226,2.7378855660859194,2.23,4.67,delavenne,,,,
129,0.008175406848564137,False,0.7562285963078023,4.013527314040824,2.23,4.67,delavenne,,,,
130,0.010033323717420318,False,0.8026801004993368,3.169206774793476,2.23,4.67,delavenne,,,,
131,0.009770738267691176,False,0.9442959702000834,3.556729528790636,2.23,4.67,delavenne,,,,
132,0.008689336062537585,False,0.591618125869884,3.4240709725895546,2.23,4.67,delavenne,,,,
133,0.012212036113609426,False,0.9161655851982764,2.61058060376025,2.23,4.67,delavenne,,,,
134,0.011504664677715251,False,1.0097693183571008,2.9972563833394705,2.23,4.67,delavenne,,,,
135,0.009917886608976498,False,0.7277923182620045,3.134573036616543,2.23,4.67,delavenne,,,,
136,0.012962526145822651,False,1.3216417448355846,2.9428852744240626,2.23,4.67,delavenne,,,,
137,0.012065539146412512,False,0.8577886136812717,2.6338165521294106,2.23,4.67,delavenne,,,,
138,0.01273144074625035,False,1.3036093365841546,2.969302835737978,2.23,4.67,delavenne,,,,
139,0.010834613705026133,False,1.065551333575645,3.3213804251836208,2.23,4.67,delavenne,,,,
140,0.010724308521482456,False,0.9053673964910561,3.0529372584473795,2.23,4.67,delavenne,,,,
141,0.011258717196426349,False,0.911049910647666,2.9433503405622607,2.23,4.67,delavenne,,,,
142,0.008644569847221333,False,1.073228683355751,4.334967927706121,2.23,4.67,delavenne,,,,
143,0.012440690049952144,False,0.8781746379874642,2.549694407576406,2.23,4.67,delavenne,,,,
144,0.009888893414838295,False,1.055168048194424,3.682702905180879,2.23,4.67,delavenne,,,,
145,0.012242078626368095,False,1.129058438897536,2.896539944123677,2.23,4.67,delavenne,,,,
146,0.009377759704591506,False,0.8373172255790339,3.5709573971260675,2.23,4.67,delavenne,,,,
147,0.01057089720276064,False,0.7612774250042289,2.9783655990203046,2.23,4.67,delavenne,,,,
148,0.010498736189785878,False,0.7919808804100886,3.0117834137589474,2.23,4.67,delavenne,,,,
149,0.007671360252404476,False,0.5518245842487609,3.9552408536532937,2.23,4.67,delavenne,,,,
150,0.010389479511429933,False,0.9009078408281991,3.2536319131023403,2.23,4.67,delavenne,,,,
151,0.011132028578216909,False,0.9536577100930917,3.0470410840311386,2.23,4.67,delavenne,,,,
152,0.010909276015957231,False,0.9704638854723959,3.101580918108191,2.23,4.67,delavenne,,,,
153,0.009749770780790814,False,1.0214033955368027,3.6829799321677794,2.23,4.67,delavenne,,,,
154,0.010203185862571674,False,0.6230766937023605,2.822581462076814,2.23,4.67,delavenne,,,,
155,0.010878833759398212,False,0.9580790283317542,3.1029431841936943,2.23,4.67,delavenne,,,,
156,0.011841064466794001,False,0.9321410228676345,2.7447546569052275,2.23,4.67,delavenne,,,,
157,0.011268027916426787,False,1.117901189083953,3.1951953645217217,2.23,4.67,delavenne,,,,
158,0.01032623572833794,False,0.6448832646690048,2.825182126930361,2.23,4.67,delavenne,,,,
159,0.010654653261150159,False,0.8406305196988305,3.0017416810394515,2.23,4.67,delavenne,,,,
160,0.010597657887264435,False,0.7592116533447844,2.943947890546053,2.23,4.67,delavenne,,,,
161,0.011606977453086836,False,0.9685624075922097,2.8855243411366267,2.23,4.67,delavenne,,,,
162,0.009836480438529195,False,0.8696111906600046,3.402731648967781,2.23,4.67,delavenne,,,,
163,0.011226198648354556,False,0.9171513801131453,2.911508804128051,2.23,4.67,delavenne,,,,
164,0.011023124177285615,False,1.184526106559943,3.339533472441877,2.23,4.67,delavenne,,,,
165,0.010325001945078755,False,0.6279621207241427,2.838600764198617,2.23,4.67,delavenne,,,,
166,0.011533917617051056,False,0.7481632106676498,2.624199168398132,2.23,4.67,delavenne,,,,
167,0.012908762607631147,False,0.8583879331860099,2.3735905187013886,2.23,4.67,delavenne,,,,
168,0.010134477665359586,False,0.7120449748832779,3.047044652675906,2.23,4.67,delavenne,,,,
169,0.010827821734900251,False,0.6943043665377611,2.7209098719309743,2.23,4.67,delavenne,,,,
170,0.012196772674720373,False,0.92141554785107,2.625140845397872,2.23,4.67,delavenne,,,,
171,0.009989118821551023,False,0.8732858059146666,3.316229144414527,2.23,4.67,delavenne,,,,
172,0.008544199220839715,False,0.6707202931781923,3.632208025927154,2.23,4.67,delavenne,,,,
173,0.012885595146172303,False,1.049658712142211,2.562136787288494,2.23,4.67,delavenne,,,,
174,0.011030393018356736,False,0.9229564250973575,3.020358972350614,2.23,4.67,delavenne,,,,
175,0.0083197925924546,False,0.5483872341216838,3.5326388566872735,2.23,4.67,delavenne,,,,
176,0.010793524076471708,False,0.9818292182540477,3.120927484773465,2.23,4.67,delavenne,,,,
177,0.014257874342704134,False,1.673804407225838,2.9717268390266227,2.23,4.67,delavenne,,,,
178,0.01288553938765663,False,1.1202427810450815,2.668012571262264,2.23,4.67,delavenne,,,,
179,0.010686471777496709,False,0.7407676538239565,2.8202087676574545,2.23,4.67,delavenne,,,,
180,0.009937399179206155,False,0.8964509312006144,3.352241357931166,2.23,4.67,delavenne,,,,
181,0.009512077706555095,False,0.6949830777895528,3.3220550756946188,2.23,4.67,delavenne,,,,
182,0.01049242107398209,False,0.5779744104470758,2.725828964893206,2.23,4.67,delavenne,,,,
183,0.009422430381779508,False,0.6207452410290799,3.1707298958720695,2.23,4.67,delavenne,,,,
184,0.010435699743293331,False,0.8812174099510932,3.184685699298153,2.23,4.67,delavenne,,,,
185,0.00971398733105931,False,0.6799367670270242,3.115987005626842,2.23,4.67,delavenne,,,,
186,0.009889349750165132,False,0.8511321579710286,3.3658892535122,2.23,4.67,delavenne,,,,
187,0.012099036640615062,False,0.9562759496240814,2.713209764455092,2.23,4.67,delavenne,,,,
188,0.008386175000152247,False,0.6338200348674005,3.6489222141490885,2.23,4.67,delavenne,,,,
189,0.011807478697879351,False,0.9025777702789385,2.7012544904171736,2.23,4.67,delavenne,,,,
190,0.008851140615003443,False,0.7168329181808512,3.6162531415053394,2.23,4.67,delavenne,,,,
191,0.012084323487117576,False,0.9939014160316151,2.793884424710947,2.23,4.67,delavenne,,,,
192,0.009837704624429108,False,0.6195564050463634,2.9547238751596305,2.23,4.67,delavenne,,,,
193,0.009152271515381293,False,0.6874833039675207,3.4080345914359564,2.23,4.67,delavenne,,,,
194,0.010381088141172855,False,0.6854306213765663,2.8830303493524108,2.23,4.67,delavenne,,,,
195,0.011756294344274032,False,0.9865382947111795,2.8393832918428803,2.23,4.67,delavenne,,,,
196,0.012351598506833199,False,0.9613810771636382,2.707192607994178,2.23,4.67,delavenne,,,,
197,0.011393760673836524,False,0.8704178099423966,2.803708017825058,2.23,4.67,delavenne,,,,
198,0.009202127097478708,False,0.6144458542942931,3.2813751591202642,2.23,4.67,delavenne,,,,
199,0.00996682727585911,False,0.7139907392108393,3.123704331479184,2.23,4.67,delavenne,,,,
0,0.004536853933475462,False,0.771072168947069,3.395200530209935,7.701303487835805,0.18719574635106184,jia,,,,
1,0.007456641138671139,False,1.1604375070218937,2.8926196428851023,7.413903529731469,0.18114386184909914,jia,,,,
2,0.007454325647717971,False,1.1711541855936463,2.875519509818896,7.02088857818093,0.16046787468456314,jia,,,,
3,0.007764902812213105,False,1.2846681288003905,3.0019471640403745,8.701643283106913,0.1639955193477278,jia,,,,
4,0.006967322448274603,False,1.1874584172675249,3.161181938107461,7.464107033033049,0.18243409465096305,jia,,,,
5,0.004648291813151643,False,0.8783791071558893,3.6039386241887064,7.885638326631553,0.16187709163128314,jia,,,,
6,0.0067213458231798655,False,0.8197441220709032,2.3923200796421753,10.136313055130854,0.17994016915919553,jia,,,,
7,0.006403376784148192,False,1.1395284266829317,3.3028298935439344,8.944071971021566,0.1759093983831409,jia,,,,
8,0.004653224462657089,False,0.7913277564842041,3.2762996518156644,7.22268003336965,0.15536039036373372,jia,,,,
9,0.007370180478050761,False,0.9847704303886695,2.5336265045113096,7.455383180812182,0.17641642450922765,jia,,,,
10,0.007081836074292244,False,0.8771462656721272,2.4089536699345517,8.591700914965337,0.1835713766079835,jia,,,,
11,0.008979645496150837,False,1.2046448016665403,2.456768890772383,7.3737663216075795,0.1680946516458467,jia,,,,
12,0.007895876049848694,False,1.4096771178226262,3.233283798257507,7.95302673509649,0.1772382462867696,jia,,,,
13,0.00822859240388269,False,1.3027821228439997,2.8743291203939583,7.071411198072691,0.16765309000515216,jia,,,,
14,0.00598359329359708,False,0.881474943131567,2.8845860810842767,7.9281005097422526,0.19187213849110568,jia,,,,
15,0.0075096072061759,False,1.602656858461401,3.840163706817268,8.348520175357137,0.1902759474943348,jia,,,,
16,0.009662872854408661,False,1.3547868673932109,2.55246785562319,7.98967835227847,0.18019043300688373,jia,,,,
17,0.007381627783984704,False,1.087518501541674,2.7686883067532357,6.814704070762922,0.18270144985569295,jia,,,,
18,0.008158369716607033,False,1.0647592403681452,2.447415769767649,8.490894613954659,0.17608044369708006,jia,,,,
19,0.007824284306171953,False,1.4438496388834583,3.311881783509766,7.659239376420122,0.16575035984234301,jia,,,,
20,0.007065275032961046,False,1.239641370684969,3.2010840699800487,8.792294243541168,0.16496132964621982,jia,,,,
21,0.005056350121824994,False,1.0457073204849539,3.814626192367511,9.732114514514185,0.15145901636885797,jia,,,,
22,0.007103382572739272,False,1.3091150793230426,3.3382178440203907,7.714501887706453,0.16368367366883593,jia,,,,
23,0.004211897256309431,False,0.7072917216085969,3.3420739984109673,7.658121820755005,0.16781673005154427,jia,,,,
24,0.007680090498003634,False,1.1304480187466968,2.7158050488481447,7.292524046203615,0.16485815729444322,jia,,,,
25,0.008541527276002039,False,1.1023405103789934,2.3841829254229094,7.088448780958096,0.1638448047638454,jia,,,,
26,0.008940395029957585,False,1.446576264557767,2.9154575332018338,8.301363148073825,0.17300683769753109,jia,,,,
27,0.00579238916873824,False,1.0512626348083471,3.375431982134256,9.121264883277126,0.16340995959756774,jia,,,,
28,0.006327815113947371,False,1.2221280938114352,3.5486608587532382,7.393390401963023,0.1727409184308166,jia,,,,
29,0.004269774379056828,False,0.7947250111041145,3.6431577855960198,6.670904408164605,0.17209918280759345,jia,,,,
30,0.009015777728358177,False,1.4478337032110158,2.8772153978656014,7.585073426872905,0.16330405493272226,jia,,,,
31,0.009575187954097876,False,1.1922188941598493,2.27428888148013,7.712080107284591,0.16140656532664627,jia,,,,
32,0.008175069596736705,False,1.2380986517363233,2.7557381768424594,6.793807806525311,0.162118140386853,jia,,,,
33,0.006847679372650844,False,1.3239180062679434,3.489867117495156,9.624135828644162,0.15957354505993662,jia,,,,
34,0.005731187940926346,False,0.9129807349688356,3.0200930712195406,8.835076625286948,0.16169230170160168,jia,,,,
35,0.00713903459142921,False,1.2650989312489502,3.218460775292767,7.318576393118403,0.16210872768240783,jia,,,,
36,0.009082746195350485,False,1.4475071805029722,2.866111921336026,7.068459848067307,0.17004487867884852,jia,,,,
37,0.006242765036821296,False,1.1830529787496993,3.465689694496553,8.214397343110592,0.15970807449472327,jia,,,,
38,0.005463301524816856,False,0.8828178470035545,3.0733772493816294,8.647216195795233,0.16073536106977337,jia,,,,
39,0.006636371461009997,False,1.349022907475039,3.687079226522526,8.501557049125802,0.1708615497979209,jia,,,,
40,0.006356467219385023,False,1.0856642237957113,3.191693268539972,7.602423989102874,0.17517939624366413,jia,,,,
41,0.008447543103485297,False,1.603731480951217,3.38606410979566,7.731427457273208,0.17329675059630736,jia,,,,
42,0.006121647041434451,False,0.8950270542472227,2.7867320766009063,8.681126821306114,0.16469579809198917,jia,,,,
43,0.004711898608779003,False,0.8003831954301094,3.30846463876798,7.71764658097376,0.16853807094606268,jia,,,,
44,0.006227448806619313,False,1.6126326447088757,4.60665295321887,9.037115870250767,0.16928999043833598,jia,,,,
45,0.009086611834600057,False,1.3706470822908388,2.723423219756136,7.674976167368379,0.1691406976553175,jia,,,,
46,0.008523266400191465,False,1.5045461225918342,3.1751455347406616,7.833374828628872,0.17643382250403078,jia,,,,
47,0.007681019514399263,False,1.0524400220278194,2.5689901334731453,8.931897102779669,0.17408681478973864,jia,,,,
48,0.008504848199206343,False,1.2187262688038452,2.613604811955264,9.179122509184246,0.1622657374318375,jia,,,,
49,0.007317814823575857,False,1.2996583921280984,3.2134125872556067,9.235355878475701,0.16095188062495527,jia,,,,
50,0.007716530308948246,False,1.4171514004862906,3.311104640564524,9.27908302711661,0.16933604487717197,jia,,,,
51,0.008621257171688686,False,1.526151639351359,3.1592564188616956,8.095984420237823,0.1657115542230786,jia,,,,
52,0.008490173714357875,False,1.2032630527310464,2.6260212992910104,8.625934878530213,0.18472235800863285,jia,,,,
53,0.007665546367699886,False,1.2036643170401815,2.883308119100202,8.589894451480548,0.16843561445727376,jia,,,,
54,0.007690329373157949,False,1.070842366014686,2.613461616186878,8.570242547354935,0.1782542193478947,jia,,,,
55,0.006148367126230514,False,0.9870103612598258,3.0383317283509728,8.346504819048947,0.17366614725978885,jia,,,,
56,0.009783086751663601,False,1.7391723887907906,3.1341641562221474,7.747564406070119,0.16803840446797394,jia,,,,
57,0.008981955074504416,False,1.4758737116322285,2.941379606427082,9.443130954361584,0.16534336951337142,jia,,,,
58,0.008417863947556597,False,1.5251161854042765,3.2319949668254377,9.657503258439245,0.16507708183107606,jia,,,,
59,0.007380555123420076,False,1.1921305897112222,2.995453320082074,7.612806647793226,0.1827992845017004,jia,,,,
60,0.0075144476121832915,False,1.2189798625195194,2.9600895495969697,8.117607368613417,0.16254646027911002,jia,,,,
61,0.007156737671997833,False,1.1505179041277958,2.963605110173264,8.881452969168876,0.16736973618799433,jia,,,,
62,0.00577047030611601,False,1.098046656256776,3.493668749657223,7.34106986043515,0.1543239013863921,jia,,,,
63,0.007904012818253212,False,1.5632535601158883,3.5293618708122887,9.215970595514962,0.170217437010947,jia,,,,
64,0.00817730504261724,False,1.2545506784951181,2.8408412910906375,11.410583179045055,0.1887274597772332,jia,,,,
65,0.012318050006038412,False,1.655559944688719,2.375395688646863,9.364434657347381,0.16455524733467058,jia,,,,
66,0.005680286703248332,False,1.052132903533043,3.4367471338232227,8.226444999821663,0.15918126531797547,jia,,,,
67,0.0057249337899836425,False,1.1595259981212966,3.705359657276205,8.253367363776292,0.15678074677480133,jia,,,,
68,0.00504416768313384,False,0.8779926856835776,3.39549619405003,8.065429877262428,0.18704271354258006,jia,,,,
69,0.00702459456197744,False,1.2398450589370258,3.2692334662955984,7.5331384305097435,0.18745024069338073,jia,,,,
70,0.007078809221812375,False,1.0822701400858201,2.8490092734026473,7.630746379465608,0.1717130396246908,jia,,,,
71,0.009264583438345712,False,1.665283220654896,3.178964572668807,7.879337161730667,0.1655428839337155,jia,,,,
72,0.0060153526771510426,False,0.9052272658757616,2.889585361066949,7.518200580731242,0.17531266692965014,jia,,,,
73,0.00916219108765775,False,1.466681854553797,2.8617530778278164,7.395489503147429,0.16271548688919094,jia,,,,
74,0.008888068089345245,False,1.2585852511263356,2.6043459626311583,7.686383730349513,0.18038693087603497,jia,,,,
75,0.008330582376642092,False,1.2091565317294073,2.6796821752081086,8.096473622711255,0.17830240368451272,jia,,,,
76,0.0075169545339260685,False,1.185734522558025,2.9221251813205704,7.8151171944027915,0.1785945360092946,jia,,,,
77,0.007207329897130976,False,1.0699625595929445,2.7993357883428844,6.756473897978691,0.1853017416334394,jia,,,,
78,0.00847479952373463,False,1.1250651381136358,2.4551388006439474,7.994015758864415,0.1671422884883815,jia,,,,
79,0.009925180721728672,False,1.6151763746432544,2.8958594236107507,7.768570540906734,0.169986502526696,jia,,,,
80,0.008094546141698036,False,1.5507493359897324,3.4228734402382837,9.065019620233345,0.17087696570905433,jia,,,,
81,0.00807016357321775,False,1.2983634223529659,2.931553782230958,7.5609689033130305,0.17271932422518022,jia,,,,
82,0.006465574706722747,False,1.0464948312793692,3.0119789614670123,7.520606994776225,0.16331191460623115,jia,,,,
83,0.005542695717859547,False,0.9841443718271042,3.3467767672415647,9.684293434319718,0.16800276809783604,jia,,,,
84,0.0054169389478026155,False,1.0045142969570875,3.483118174116094,8.631673939039086,0.16745622558913825,jia,,,,
85,0.00750700021268018,False,1.2526188320160032,3.0984027564999246,7.1335157258840125,0.19321998053920647,jia,,,,
86,0.005665519513596477,False,1.1418473677163,3.7319697081353125,9.01563658162745,0.17213043582322768,jia,,,,
87,0.007272184231988863,False,1.1508538550492433,2.927028525491858,7.467536610695484,0.17212317063283147,jia,,,,
88,0.007210841059305034,False,1.3333483264284942,3.358227010232042,8.6899061347288,0.17003929786208016,jia,,,,
89,0.008781752660027004,False,1.5478295331464291,3.153974503460795,8.804887248724633,0.17205274094591214,jia,,,,
90,0.0060148228385086995,False,1.0095035425490846,3.1523477789426355,7.409063605463752,0.1680647751102504,jia,,,,
91,0.005235345328476503,False,0.9961657772774213,3.6496436560401455,8.457430832771442,0.19082658392999924,jia,,,,
92,0.008447153971981685,False,1.2405459550312536,2.691784276070291,7.456453211305136,0.17319148381712846,jia,,,,
93,0.008858708534141885,False,1.5081495928859439,3.0091744208421307,8.836929821583775,0.147912712893499,jia,,,,
94,0.007426917727906732,False,1.209348484752674,2.975013009814259,7.7349960215878495,0.16218787228950093,jia,,,,
95,0.005996027746136231,False,1.0712855573168276,3.324706539788496,8.687456489086085,0.166710885233154,jia,,,,
96,0.007396878237709546,False,1.1904178827839795,2.9531550599003764,7.678848225207355,0.16753628942128113,jia,,,,
97,0.005498381211473326,False,0.976371808874148,3.3866060501762805,6.435095706161957,0.18172167227146002,jia,,,,
98,0.008272463525495245,False,1.4637028210910252,3.1972820866166387,7.953712000756868,0.17909842348191596,jia,,,,
99,0.0066658097857896,False,1.0593855257277427,3.0168935571780446,7.4993974547654325,0.19044338992624593,jia,,,,
100,0.011662917297181344,False,1.7238877548730207,2.635117082520356,7.959140674798675,0.1895855141154632,jia,,,,
101,0.008476167578948729,False,1.355445155605755,2.8806056188325178,8.630620468438625,0.16015061766525443,jia,,,,
102,0.007858690728696225,False,1.1607719094669955,2.7251350816234146,7.986263595674695,0.17171575884570298,jia,,,,
103,0.006009450507399653,False,0.9584603302401246,3.044211282443572,7.045703793673845,0.17965126477284776,jia,,,,
104,0.007976266179025205,False,1.2286193720003897,2.8078113909111937,9.631790359518945,0.1627736798653993,jia,,,,
105,0.007311418830233529,False,1.2862522664975264,3.2111438714079426,9.126367081295422,0.17223439336824575,jia,,,,
106,0.009137098846517679,False,1.2709971117640007,2.510107999271662,9.450348937836491,0.15407876977378146,jia,,,,
107,0.005811860415773681,False,1.2009784574302815,3.8406973068197163,7.896959217855472,0.18483531269910156,jia,,,,
108,0.00704911993173005,False,1.2771710959396714,3.3298722776960594,8.294385636436276,0.18081307325945034,jia,,,,
109,0.008681202567400074,False,1.2790452047478857,2.6812164130577654,9.455628623554173,0.16651678937756836,jia,,,,
110,0.006110777930986174,False,0.9967509493125541,3.080156621763235,6.763995975265991,0.17382522662457348,jia,,,,
111,0.008271139721855773,False,1.5380136369205808,3.2933411952111444,9.004989950021415,0.15520259521938343,jia,,,,
112,0.0065009702811101135,False,1.2234410491255927,3.471631488071098,8.85148735536605,0.17823600036777915,jia,,,,
113,0.007092787550241053,False,1.2524358697628106,3.195750629676209,7.70135950514331,0.15528591485967932,jia,,,,
114,0.007873574054499618,False,1.3228662301507352,3.087327734999444,8.487560957746094,0.18736463251825716,jia,,,,
115,0.008103815496265102,False,1.3515557251174597,3.009191899009176,9.0334006592292,0.16349394776560017,jia,,,,
116,0.00617236626721573,False,1.0334381519897384,3.165005658873261,6.191243533068067,0.18097337331126317,jia,,,,
117,0.005149205045055477,False,1.015318382289849,3.7161376604986955,9.305402607433912,0.17210524664569957,jia,,,,
118,0.008269858912482012,False,1.3044743784896673,2.8705783295698737,6.568468751113557,0.16937614402128995,jia,,,,
119,0.007066889218762776,False,1.404690363829301,3.594237590379409,9.215036340201962,0.17219947777929223,jia,,,,
120,0.008780149997091233,False,1.4079825789822946,2.893472927819009,9.325932339975045,0.17107128893476797,jia,,,,
121,0.007167914830269832,False,1.2618613316050826,3.2042406130797265,10.233903576262767,0.16381678249598774,jia,,,,
122,0.006279304643678688,False,1.219517123761562,3.553998820271532,7.346393801601004,0.166737524622949,jia,,,,
123,0.0068907526245036745,False,1.3718596494630786,3.6290948588643563,8.26611078334802,0.18183844993331155,jia,,,,
124,0.006870643931431516,False,1.0608802095535754,2.8617451579032798,7.572596140332106,0.161298839758787,jia,,,,
125,0.005574823284374437,False,0.9222660316423378,3.1657386278459114,8.130768708855218,0.17369266025226238,jia,,,,
126,0.004501429606948373,False,0.8844626531451013,3.6864661590456245,8.015036614733146,0.1459782261965133,jia,,,,
127,0.010297419385990903,False,1.5845088956512379,2.7369973038975375,7.114316562144248,0.169690698089996,jia,,,,
128,0.006411843512702629,False,0.9079720958023865,2.6989437761250237,8.352110149899904,0.16741610574887414,jia,,,,
129,0.005202322919479588,False,1.084263206218751,3.893366765561658,7.986886656643853,0.17321856085026177,jia,,,,
130,0.006794184789006186,False,1.1369792101200915,3.1049854629894864,8.934996299911514,0.17236482279184928,jia,,,,
131,0.00676898954849503,False,1.2940456414889645,3.467805914599425,9.58775795359607,0.16378757625110293,jia,,,,
132,0.005139366931204921,False,0.8917258270705917,3.3438001837587397,10.804083961531108,0.1747369636977701,jia,,,,
133,0.008963630594884421,False,1.26325146014239,2.5786029997969875,7.87917089488952,0.17460262500039825,jia,,,,
134,0.008411384328530936,False,1.3650087383135008,2.9434103806484315,7.402071888107398,0.17269550382961257,jia,,,,
135,0.006453106058366004,False,1.051667549292276,3.072471767711338,7.602611423536402,0.18064853329362227,jia,,,,
136,0.01039712272551993,False,1.6913191113658026,2.8922398956012305,8.076399693497928,0.17957391056737254,jia,,,,
137,0.008405410174923477,False,1.1987216744962066,2.600585885577619,9.648649805319502,0.1589241849614492,jia,,,,
138,0.01013194022232347,False,1.6729159636525395,2.917107270324773,7.006621789031147,0.16508599169237292,jia,,,,
139,0.008017260658866912,False,1.424730310401174,3.247669428158302,8.821954576353917,0.193330326608245,jia,,,,
140,0.007608212656145814,False,1.251379827657935,2.9957731274484005,6.7998992297848275,0.1650371092757698,jia,,,,
141,0.00803240331313056,False,1.2576308105477583,2.8926777524510188,8.012942821412535,0.1869029034906458,jia,,,,
142,0.006206507600498958,False,1.4328993731999113,4.191593081149731,8.13203999684012,0.18224599909782024,jia,,,,
143,0.008894858287852917,False,1.2213550243863511,2.5209610590299096,7.930141628062966,0.1734334255559712,jia,,,,
144,0.007029015236264903,False,1.4136629052505763,3.5853826070481913,8.631092177534825,0.15065500824644024,jia,,,,
145,0.009436298412388602,False,1.4919534986541483,2.8485913974593418,7.552142603573029,0.17899931342346792,jia,,,,
146,0.0061149655968987205,False,1.1758830514183818,3.4810940859978934,8.200466793415407,0.14669709298125752,jia,,,,
147,0.0069571883918869626,False,1.0900242098002406,2.925636083755914,7.257632790346277,0.175252209356122,jia,,,,
148,0.006983340724416436,False,1.124893430278042,2.957075628407354,8.87845415449604,0.15686004674859216,jia,,,,
149,0.0043421766641452515,False,0.8436231167053114,3.8391844176554604,9.399039711796712,0.1919393783387703,jia,,,,
150,0.007147095766403464,False,1.2464685504186703,3.1841804636357205,7.622322971794927,0.16755119719886977,jia,,,,
151,0.007994558357658763,False,1.3042522530085494,2.9902302294580085,9.300716865423793,0.18161278165206562,jia,,,,
152,0.007896435404649354,False,1.322524161833436,3.041485164301283,8.14807802132646,0.16958537220157174,jia,,,,
153,0.006924065941698713,False,1.3775187642362292,3.5856409806294987,7.233928591761726,0.1643596561134154,jia,,,,
154,0.00638772734627814,False,0.9292871363763388,2.778875550537137,8.713447956581973,0.1733973380988901,jia,,,,
155,0.007830250380509865,False,1.3090654826526038,3.0427648944876178,8.354293754705873,0.1708665467002408,jia,,,,
156,0.00856625776229999,False,1.2807629325001926,2.7054303119669907,8.471697639465413,0.1594552179043077,jia,,,,
157,0.008510838776900585,False,1.4802003326247006,3.129373395576804,7.017286020276221,0.17494396768545584,jia,,,,
158,0.0066089700565006,False,0.9550970980516724,2.781328318626576,7.676910968126937,0.18768593448634974,jia,,,,
159,0.007387340336765213,False,1.179587126391532,2.9476298947263038,6.898975021514691,0.17387882803580437,jia,,,,
160,0.006944140896901326,False,1.087667988936529,2.8932403377429177,8.114446147370298,0.16057367794235602,jia,,,,
161,0.008391815256239436,False,1.3204601004832435,2.8382124922812997,8.22883596843588,0.15921964444404932,jia,,,,
162,0.00672856146431558,False,1.21186072981439,3.3238340912084716,5.919147775290476,0.17808152811337616,jia,,,,
163,0.00801674374168835,False,1.2643338288918362,2.862692406286476,7.179413210490475,0.1607140785054956,jia,,,,
164,0.008506038989771501,False,1.550038422170113,3.264671852408943,7.486299922248104,0.17465578713439742,jia,,,,
165,0.0063647377496590185,False,0.9350852351034735,2.793982348193046,8.624494092622399,0.17001755265501456,jia,,,,
166,0.007683398942660932,False,1.0750438520595569,2.5914881382745087,7.547881427818213,0.1619597096765112,jia,,,,
167,0.009436587904054541,False,1.1993886133243363,2.353909625161584,8.123676134673396,0.18260614535142597,jia,,,,
168,0.006478945481312726,False,1.0335055886860423,2.990233584419318,8.758161617703973,0.17077280943136025,jia,,,,
169,0.007062963953296881,False,1.0129464139378523,2.6829105592805735,9.554386281727389,0.16349104284631696,jia,,,,
170,0.008939304931454116,False,1.2690130133798425,2.592378997355025,9.057331987329295,0.17033712611721077,jia,,,,
171,0.006863863075247047,False,1.215937097028667,3.2428439487704943,7.114624072879508,0.16800553338852112,jia,,,,
172,0.0053311582307316975,False,0.9854487442475882,3.538274057476338,10.040467580953955,0.18684319690099402,jia,,,,
173,0.010203030086650782,False,1.4077815803239386,2.5327451176920617,8.032308461731017,0.1997369755251425,jia,,,,
174,0.007834719918339356,False,1.2707027735837764,2.965141160979989,9.732161878692592,0.17195846744920232,jia,,,,
175,0.0047235282957137125,False,0.8394354933185737,3.445301242551858,8.185328282810593,0.1716006675737009,jia,,,,
176,0.00810124263810441,False,1.3348441724092894,3.059657367668698,7.696636390748396,0.2054402893963549,jia,,,,
177,0.012240129113029826,False,2.0413945633480512,2.9193885658837067,7.861382604828111,0.1814878336168397,jia,,,,
178,0.010105330388070986,False,1.4826689634328345,2.6329229934717753,7.7698075761739736,0.17078976577965116,jia,,,,
179,0.007248095483877361,False,1.0665723641756146,2.7766377056367015,8.166863245157213,0.18314495834130098,jia,,,,
180,0.006907441169128105,False,1.2415552388984055,3.2765719423090465,5.863513908783899,0.1641343834627657,jia,,,,
181,0.00581598188200869,False,1.0137349086954166,3.248301385968829,8.629924070842424,0.16008247153638602,jia,,,,
182,0.006327129357751623,False,0.875309690992759,2.687556979382467,6.0957748504975084,0.18323274188321442,jia,,,,
183,0.005707181300458384,False,0.926516872866256,3.1064150050232273,8.422156185569316,0.17473266797786569,jia,,,,
184,0.007198873585208498,False,1.2247239996107624,3.1195120362414874,8.450316759298575,0.1695600827292524,jia,,,,
185,0.006143298558437577,False,0.9962176881514827,3.0550172336027024,7.586213226583591,0.16929613128761165,jia,,,,
186,0.006726800287517429,False,1.1913077941706025,3.289350178591324,6.894493986740041,0.1845184327932701,jia,,,,
187,0.008848945223602061,False,1.3071031240027593,2.675636571616592,7.220531549003877,0.16440911844197056,jia,,,,
188,0.005018729550387385,False,0.9420254038065824,3.5538703730158705,8.627032895633855,0.16466314043858163,jia,,,,
189,0.008569281340552482,False,1.2483082104447423,2.6643411761748927,7.916033299809929,0.17022528628875014,jia,,,,
190,0.005564578946722072,False,1.0390362642065964,3.523383449031444,9.775960670971948,0.17829151863183915,jia,,,,
191,0.008891838376880333,False,1.3478986658191607,2.751804154843614,7.366102300433745,0.1733113301394332,jia,,,,
192,0.006048133432833967,False,0.925103466617857,2.9033849602211768,7.429393167237687,0.1653689727020142,jia,,,,
193,0.005714825561558463,False,1.0050132780809473,3.3287962679790595,8.727948123017114,0.17733189684080086,jia,,,,
194,0.006600324772660006,False,1.0026228042489613,2.835862421398746,8.221610061080185,0.16017786232095624,jia,,,,
195,0.008689052664339515,False,1.339940285315312,2.794720208938677,9.630038295743905,0.16883586965271574,jia,,,,
196,0.008948572767663974,False,1.3126572791025282,2.6699517977236726,8.871689403578248,0.17259978063980788,jia,,,,
197,0.008102653721265679,False,1.2127558381202739,2.7610725661638824,6.82969995222386,0.17881913338863956,jia,,,,
198,0.0054445712310464646,False,0.9190212296442979,3.210186061474746,8.292561128270107,0.1673950955671714,jia,,,,
199,0.006282545831693452,False,1.0357541012835731,3.062265266845168,7.29336033501653,0.15966520266668463,jia,,,,
0,0.005434059181915415,False,,,,,lanoiselee,19.714437641096733,4466.779949395296,1268.220488577228,6.677643786694583
1,0.007448981705637692,False,,,,,lanoiselee,24.770633080439236,3821.6539245883296,1107.6867461954,5.919924838350612
2,0.007146493699195369,False,,,,,lanoiselee,24.898140099619315,3799.6544914044016,912.5145351565941,3.796742462852349
3,0.00731238317743664,False,,,,,lanoiselee,26.218425305939046,3962.2244811099317,1958.5297342192289,4.1117076204904635
4,0.006937996258000902,False,,,,,lanoiselee,25.09114407328472,4166.724907438675,1134.6106020810016,6.075931739003434
5,0.0050474646554083975,False,,,,,lanoiselee,21.202618621753068,4733.960399132279,1379.5913781139839,3.9203777693385047
6,0.007834713826220653,False,,,,,lanoiselee,20.40007485972671,3176.5056180025026,3371.2188321368712,5.777027306232055
7,0.0065102108505228065,False,,,,,lanoiselee,24.52035080349373,4348.410916670491,2159.722938002025,5.316734342247565
8,0.00514609803997494,False,,,,,lanoiselee,20.002032334881054,4314.397541394491,1009.3283286881968,3.3723067143949623
9,0.007755256704193046,False,,,,,lanoiselee,22.60069694947242,3359.05457037495,1129.898638197974,5.373113467241613
10,0.008023786800733814,False,,,,,lanoiselee,21.18599252838187,3198.0084088371036,1871.8858568396136,6.215904860264442
11,0.008603358093065951,False,,,,,lanoiselee,25.293328319181263,3259.7990597578137,1086.4942776405962,4.501084787545722
12,0.007316734928998496,False,,,,,lanoiselee,27.614113137549218,4259.233182419233,1422.0060298323006,5.465418132140824
13,0.00764392124668432,False,,,,,lanoiselee,26.42426352115038,3798.1229196716513,936.0977078310381,4.457903185391827
14,0.006872068726957797,False,,,,,lanoiselee,21.244323692288415,3811.319122199294,1406.2096461405201,7.309645689753175
15,0.006832039154177942,False,,,,,lanoiselee,29.665555613698324,5035.833759493845,1690.0726953972096,7.0892437353636195
16,0.009089643007545277,False,,,,,lanoiselee,27.008304695906094,3383.3744962220603,1445.4642603359287,5.806528785967071
17,0.007477546858822999,False,,,,,lanoiselee,23.88884131453717,3662.1366541128095,820.6802222795959,6.108628754086181
18,0.008421418247749883,False,,,,,lanoiselee,23.608311252190923,3247.7147182664794,1794.8958770849529,5.33570552418418
19,0.007027605200674066,False,,,,,lanoiselee,27.986012970146174,4360.014339477533,1243.7422701278438,4.2752677115871895
20,0.0067768758745939605,False,,,,,lanoiselee,25.701138197503077,4217.927003165223,2032.1091009482889,4.201151885504822
21,0.005090166416701455,False,,,,,lanoiselee,23.371435877959005,5003.223332496438,2916.7367546252917,3.0721851116144623
22,0.0066179314811343195,False,,,,,lanoiselee,26.49592953989423,4393.769230477761,1275.9718481336176,4.083125527785296
23,0.004980720643884345,False,,,,,lanoiselee,18.786322437017045,4398.711068556988,1243.0966055416238,4.473870728753505
24,0.007519925202043186,False,,,,,lanoiselee,24.41102720981537,3594.011630875974,1044.4927660977216,4.191530174991915
25,0.008383273241101222,False,,,,,lanoiselee,24.070144869663288,3165.9850188020673,944.1484404462132,4.0978758325253715
26,0.008135482114416457,False,,,,,lanoiselee,28.01551857501499,3851.029686400294,1656.3458242572174,5.002223147689625
27,0.005924854039474126,False,,,,,lanoiselee,23.44070129391451,4441.454604654422,2315.8807158953914,4.05815766849094
28,0.006142075297853989,False,,,,,lanoiselee,25.4977030181768,4663.246636978256,1096.8190295843212,4.974102542611082
29,0.004820665235197445,False,,,,,lanoiselee,20.049947806260967,4784.113952145059,760.7003004442771,4.906713445799925
30,0.008018746931434274,False,,,,,lanoiselee,28.029117409336806,3801.8364159395524,1201.4133327961613,4.048527029762625
31,0.00911956639417536,False,,,,,lanoiselee,25.147275956468942,3023.8080899125425,1274.5470029945584,3.8787763145150493
32,0.007661318559244705,False,,,,,lanoiselee,25.683269071233966,3645.457289500318,811.7602091611251,3.9418152454142645
33,0.006364971770709282,False,,,,,lanoiselee,26.662850272274806,4588.00325289534,2803.2017596416144,3.7197659564255257
34,0.006136411363680645,False,,,,,lanoiselee,21.665129965958183,3985.542860997122,2067.515822255635,3.9040011284998224
35,0.00669832237926679,False,,,,,lanoiselee,25.994605696493363,4240.219390438134,1057.8320492676041,3.940976538646281
36,0.008115188165836963,False,,,,,lanoiselee,28.025586662308253,3787.5501004073058,934.7081455055002,4.69544987249953
37,0.006037063786025247,False,,,,,lanoiselee,25.039109955401432,4557.051685712986,1595.4206749014272,3.731271960580578
38,0.005908893695579334,False,,,,,lanoiselee,21.262394299586383,4053.9944174081443,1915.2842832972565,3.819988762175363
39,0.006236271481237798,False,,,,,lanoiselee,26.94406600919851,4840.263934795035,1802.929545429371,4.7786268720374485
40,0.006490923238880666,False,,,,,lanoiselee,23.866083129360604,4205.878321086241,1211.2215676061242,5.2363183981133155
41,0.0073652012877544375,False,,,,,lanoiselee,29.676663833157242,4455.0758305732525,1285.9619343933778,5.033012569705421
42,0.006622769770362966,False,,,,,lanoiselee,21.426132612496136,3685.3730477985278,1942.1466687284064,4.176421242982258
43,0.0053429126952124545,False,,,,,lanoiselee,20.129551563471132,4355.634073408071,1277.8237248633707,4.5447533227099735
44,0.005470897324039812,False,,,,,lanoiselee,29.768547871089726,6012.114641342557,2240.743860514822,4.619506346751393
45,0.00833490391418839,False,,,,,lanoiselee,27.18444503041041,3603.827611925562,1252.8597806565479,4.604593608334194
46,0.007659668659417451,False,,,,,lanoiselee,28.637123539481795,4184.644806323858,1347.3286527959076,5.3750557297803745
47,0.007968453269019007,False,,,,,lanoiselee,23.455360559628218,3404.6971339795987,2149.2794698736907,5.117618640170492
48,0.008136886168371616,False,,,,,lanoiselee,25.458038309411112,3462.2561389049274,2368.581528225482,3.9549836687823063
49,0.0068473493892437075,False,,,,,lanoiselee,26.38885762393305,4233.743451788866,2420.623832291739,3.8388813675030606
50,0.007093275859748669,False,,,,,lanoiselee,27.695792910367157,4359.018169454789,2461.6563343689995,4.624113767539371
51,0.007582478524702099,False,,,,,lanoiselee,28.8660837473001,4164.253668095302,1515.0773067131272,4.271600528091715
52,0.008535505727872341,False,,,,,lanoiselee,25.27712041108538,3478.2704789496315,1898.563299671194,6.35993657269102
53,0.007457832110481489,False,,,,,lanoiselee,25.281828085651604,3809.6750139642872,1870.4856677204168,4.534636022729181
54,0.007980244264676898,False,,,,,lanoiselee,23.683548794730868,3462.0714384786847,1855.3020975574345,5.58111665932917
55,0.006536954756550332,False,,,,,lanoiselee,22.62939447348157,4008.976714111343,1688.6212933983554,5.072442721580739
56,0.00816345518045363,False,,,,,lanoiselee,31.051401615042334,4132.046261177034,1295.5387975833312,4.495567379988879
57,0.008034531509785734,False,,,,,lanoiselee,28.331019612824473,3884.3652152909694,2620.0612212070077,4.236920278905312
58,0.007450761698421197,False,,,,,lanoiselee,28.85514350662085,4257.580063424955,2837.940568545168,4.211965879612365
59,0.007350093329661276,False,,,,,lanoiselee,25.14623563998197,3953.878673300029,1217.1183193185266,6.1206256515675905
60,0.007182684381634494,False,,,,,lanoiselee,25.46099685424068,3908.42120911117,1529.5262986282976,3.9801176470292887
61,0.0070915278612050155,False,,,,,lanoiselee,24.652145572723196,3912.9408345113006,2106.3955869613096,4.4303523616993346
62,0.005667745079234282,False,,,,,lanoiselee,24.01773355798311,4592.869529872488,1069.4472728993048,3.2905821537899214
63,0.006999458976967287,False,,,,,lanoiselee,29.255951713079856,4638.551713454992,2402.591435707756,4.712936313484788
64,0.008330542356865858,False,,,,,lanoiselee,25.87332772691098,3755.0301424631803,5138.021001213287,6.880085563038307
65,0.010432556111645161,False,,,,,lanoiselee,30.208564940013897,3154.622860763936,2543.1855099114373,4.163373789734168
66,0.0057408285780241155,False,,,,,lanoiselee,23.451537425303737,4519.992385402908,1603.7630730759838,3.686362430074389
67,0.005563576404056575,False,,,,,lanoiselee,24.759764009187094,4863.628776442707,1622.518754226102,3.4866824380862025
68,0.005781978662054561,False,,,,,lanoiselee,21.197408453049018,4467.1586927059,1494.8276672554055,6.657658822317326
69,0.006951142723694481,False,,,,,lanoiselee,25.703496759929866,4305.337043984217,1172.3958539230975,6.710975426430693
70,0.00716837144482731,False,,,,,lanoiselee,23.824381879558864,3765.5420845033927,1227.3556547438006,4.866485652559567
71,0.00785013985088917,False,,,,,lanoiselee,30.307528848222248,4189.545529744162,1375.6724744552228,4.255687529495279
72,0.0065590779669324585,False,,,,,lanoiselee,21.562173576847712,3817.7505514973905,1164.1438662239489,5.250932849957609
73,0.008086708216186792,False,,,,,lanoiselee,28.232333609704188,3781.941385821265,1097.9275828397233,3.995307019360177
74,0.008586028017316165,False,,,,,lanoiselee,25.91976797546654,3450.3131044654833,1259.4990159289844,5.829768904961404
75,0.008201724642339744,False,,,,,lanoiselee,25.346193823777604,3547.4575609169806,1515.4031145013482,5.586647717915291
76,0.007458993550509718,False,,,,,lanoiselee,25.070792738971416,3859.604958065333,1336.1870424089868,5.6202668361496
77,0.007366132040223849,False,,,,,lanoiselee,23.6726788334147,3701.601497077367,795.9972781159448,6.433350526230284
78,0.00837268893309145,False,,,,,lanoiselee,24.346036938643635,3257.6930515314393,1448.2586303171981,4.408327101891957
79,0.00854320603577314,False,,,,,lanoiselee,29.794764866967782,3825.8215374753377,1308.0820848652024,4.689544937488972
80,0.0071926343326631954,False,,,,,lanoiselee,29.125017995868102,4502.225003006712,2265.461892133189,4.780207191399893
81,0.007616316416450519,False,,,,,lanoiselee,26.374168786933765,3871.730216434961,1187.882046927871,4.971824042395902
82,0.006538852911640327,False,,,,,lanoiselee,23.381264676578468,3975.116289419956,1165.4703900049747,4.049241192364955
83,0.005885377302785118,False,,,,,lanoiselee,22.592670867307973,4404.737678667625,2866.0549676331852,4.492074277158176
84,0.005677647101352875,False,,,,,lanoiselee,22.852668766934418,4579.363928201978,1903.0621696499732,4.438748661156259
85,0.00739283272222044,False,,,,,lanoiselee,25.851067722527514,4086.132642234529,965.6837390229268,7.499600346743946
86,0.005729327734850382,False,,,,,lanoiselee,24.5482079822706,4897.634572290121,2221.849356569813,4.909979877450802
87,0.007184876701439521,False,,,,,lanoiselee,24.656165794753104,3865.910827304459,1136.4668629133662,4.909220409778854
88,0.006788435708756207,False,,,,,lanoiselee,26.768758990338444,4419.410262728102,1949.1451272575637,4.694885121385501
89,0.007797561897668854,False,,,,,lanoiselee,29.09437723111632,4157.474577653497,2042.48543439346,4.90186245985372
90,0.0062183993660016885,False,,,,,lanoiselee,22.915994650841483,4155.386692953559,1105.1156401568444,4.498153520719681
91,0.005811655461908753,False,,,,,lanoiselee,22.746393958979755,4792.406724889168,1769.8495371610181,7.164721621134323
92,0.008092991917251727,False,,,,,lanoiselee,25.71161132228041,3563.056212159827,1130.475829164036,5.021817106471657
93,0.007629126766835414,False,,,,,lanoiselee,28.675410975447623,3971.5123034681983,2069.0594785038843,2.8166747231064857
94,0.007100129352730038,False,,,,,lanoiselee,25.348441070803588,3927.605926696726,1288.0753869227192,3.9480326586777283
95,0.006114693688604646,False,,,,,lanoiselee,23.68902290626953,4376.452690109069,1947.1905634558238,4.366770356738178
96,0.007177500258219945,False,,,,,lanoiselee,25.12605147188413,3899.5057739936774,1255.11050165317,4.446531480773052
97,0.005777471754312961,False,,,,,lanoiselee,22.492838077082546,4455.770100972261,669.2592154497637,5.98942532181522
98,0.007563977909291853,False,,,,,lanoiselee,28.20029143731809,4213.04905581271,1422.442093549501,5.67860048994312
99,0.007039018937938452,False,,,,,lanoiselee,23.5416898631275,3981.4315970391854,1153.8160862262284,7.1121342416421856
100,0.010085452815765296,False,,,,,lanoiselee,30.89868730592595,3490.000628946358,1425.8999884594357,6.995422353133145
101,0.007748865402547568,False,,,,,lanoiselee,27.01563356057694,3806.1981627556693,1902.235776557949,3.769304326789104
102,0.007763220021296518,False,,,,,lanoiselee,24.77461963783028,3606.0332392161154,1443.2670356685046,4.866768095364228
103,0.0064195056482997314,False,,,,,lanoiselee,22.261433457031263,4016.530241558667,924.0438299891257,5.743106525964966
104,0.00763943810030247,False,,,,,lanoiselee,25.573255235534454,3712.5135406874874,2811.1437096558498,4.000546201043834
105,0.007022799810035673,False,,,,,lanoiselee,26.236477553233023,4230.833000634371,2320.4939267304753,4.920856453480992
106,0.008469090594226935,False,,,,,lanoiselee,26.062225122123554,3328.6908125232235,2627.194842602673,3.27146671869314
107,0.00586190838573665,False,,,,,lanoiselee,25.250304084274866,5036.51508524313,1386.6523718977096,6.374201057561661
108,0.00688018407338758,False,,,,,lanoiselee,26.132858251752857,4383.07349121432,1651.3969176187873,5.8804017552717545
109,0.008227433670567464,False,,,,,lanoiselee,26.154269051393317,3549.43517465381,2632.4216560197615,4.348166477759439
110,0.006342395943364811,False,,,,,lanoiselee,22.75385585255859,4062.7012921302344,799.1553487857892,5.089492177482757
111,0.007163405076875655,False,,,,,lanoiselee,28.991180455194442,4336.246660135206,2212.5265135715877,3.35977076426882
112,0.006460390024592931,False,,,,,lanoiselee,25.512998817490818,4564.658804101118,2081.2142991200135,5.579026348501617
113,0.006628308319687478,False,,,,,lanoiselee,25.848958725818665,4211.08415235493,1268.253315556085,3.366385817899036
114,0.007677182172388467,False,,,,,lanoiselee,26.651017518648867,4071.9107381357026,1792.389406598238,6.699749679104182
115,0.007482596840348732,False,,,,,lanoiselee,26.972308872072734,3971.5347641290814,2237.4675009857983,4.0658071250651995
116,0.006282531687880865,False,,,,,lanoiselee,23.217881952247005,4171.632208749033,583.3000120107833,5.899530588695286
117,0.005460576832102566,False,,,,,lanoiselee,22.989625268433652,4877.403087353271,2486.593712012539,4.907347088663102
118,0.007637322915962796,False,,,,,lanoiselee,26.44342872565416,3793.296990390865,719.9428333908573,4.628128123722381
119,0.006571394352090713,False,,,,,lanoiselee,27.559510978642408,4721.552485099608,2401.7248286628924,4.917201452078045
120,0.008091463804634325,False,,,,,lanoiselee,27.595568467258076,3822.75159142887,2506.1709979802567,4.8001603006134115
121,0.006842829677702073,False,,,,,lanoiselee,25.95742921299914,4221.976734358819,3488.150335177699,4.095307832052465
122,0.006036223954460624,False,,,,,lanoiselee,25.467263901768717,4670.076450783,1072.2098237060502,4.369328222856313
123,0.006562043881750595,False,,,,,lanoiselee,27.197874433217113,4766.131891302216,1631.4513221117759,6.003543372016229
124,0.0068854476714998464,False,,,,,lanoiselee,23.560235365328367,3781.93119470346,1194.3953415981036,3.8692971348728653
125,0.006076417700395207,False,,,,,lanoiselee,21.787920527863122,4172.572871433497,1538.3693826425576,5.0752813839909034
126,0.004753558832456097,False,,,,,lanoiselee,21.28451088847417,4839.480299606442,1461.8563512393894,2.6840017799962106
127,0.00885763372766302,False,,,,,lanoiselee,29.477463407858817,3621.315972650369,956.466689057698,4.659706338615888
128,0.006919650703744493,False,,,,,lanoiselee,21.59866584382205,3572.2833723622493,1692.660314009297,4.43485243212585
129,0.005346265728821577,False,,,,,lanoiselee,23.84887657831863,5103.753742887575,1443.6677649331261,5.02469510507005
130,0.006845581443412865,False,,,,,lanoiselee,24.489698456452462,4094.5851402365333,2151.934474402699,4.93452742094693
131,0.006399640981223664,False,,,,,lanoiselee,26.325145417672445,4559.761064672624,2765.6782824666893,4.092632575831767
132,0.005787684784119055,False,,,,,lanoiselee,21.381957469655706,4400.92320533837,4230.456709952933,5.188013314621548
133,0.008574310849457825,False,,,,,lanoiselee,25.973396836650448,3417.101247252982,1375.5691761010737,5.1734104798230724
134,0.007768510280287977,False,,,,,lanoiselee,27.12193032333061,3886.976443352483,1101.4090204137613,4.969311527456722
135,0.006731089498568899,False,,,,,lanoiselee,23.445743569923888,4052.831452129407,1211.3278371218057,5.860813913212274
136,0.008947197410434317,False,,,,,lanoiselee,30.571274615686047,3821.1654144523213,1502.0752403642025,5.734048865946226
137,0.00805368958364422,False,,,,,lanoiselee,25.223792095776187,3445.4626441181267,2828.6932491561884,3.664590100538337
138,0.008479652895241814,False,,,,,lanoiselee,30.385036621288467,3853.1514636492425,905.9331270672371,4.212799109636943
139,0.0077250106813066596,False,,,,,lanoiselee,27.778422095844704,4277.683728090235,2056.609232477781,7.515308968533141
140,0.0071409755815478124,False,,,,,lanoiselee,25.83678312228422,3954.2896969038766,814.3532268972292,4.2082292115675966
141,0.007927502003699653,False,,,,,lanoiselee,25.908787758132416,3821.7286770792984,1460.4978439481931,6.639438702652656
142,0.005822424381674142,False,,,,,lanoiselee,27.86726842446603,5484.032096268196,1539.2255012704043,6.053004414677033
143,0.008610503151378303,False,,,,,lanoiselee,25.488693442593757,3342.7036698270413,1407.4983889518319,5.047575459862338
144,0.006261735886130248,False,,,,,lanoiselee,27.65769398399034,4710.225925744089,1902.6057759920432,3.012837442159289
145,0.00849336939957953,False,,,,,lanoiselee,28.50300592012916,3765.004310284055,1182.9548490555198,5.6670921758640675
146,0.005809212523284019,False,,,,,lanoiselee,24.95424026816521,4576.77280648757,1585.8134160978507,2.7327609093244822
147,0.007040525491231857,False,,,,,lanoiselee,23.919567531571744,3864.120127625965,1026.817801380724,5.244299407217919
148,0.00684100026725938,False,,,,,lanoiselee,24.343961565441052,3904.546381807815,2103.86575275886,3.4931501410034924
149,0.005235750985327918,False,,,,,lanoiselee,20.729872410800855,5034.5833502403,2576.7872916402534,7.319038133215898
150,0.006820738141382464,False,,,,,lanoiselee,25.780099005942464,4196.238493719632,1222.5411461358033,4.447981726345787
151,0.007792656220833091,False,,,,,lanoiselee,26.440913726928684,3947.165676486144,2482.1408178626907,5.976282555297481
152,0.007403593879840925,False,,,,,lanoiselee,26.647168266530635,4013.0280155467394,1550.055370109288,4.649115237670241
153,0.006314454833368241,False,,,,,lanoiselee,27.260480983975544,4710.556426191573,1014.9332584144074,4.145266235860851
154,0.0069456355838836414,False,,,,,lanoiselee,21.88040697684908,3675.2560641623863,1968.0010555917818,5.0437273225667925
155,0.00740170409671833,False,,,,,lanoiselee,26.49536888148704,4014.672086766372,1694.235627550496,4.779139073997375
156,0.007980530424417823,False,,,,,lanoiselee,26.173881110539007,3580.6426604277985,1780.496746866624,3.7096670422663456
157,0.007602223932414848,False,,,,,lanoiselee,28.377377323317624,4125.89626599361,910.8494068710381,5.2105736281489685
158,0.007241140727320951,False,,,,,lanoiselee,22.2177704628739,3678.4146165001744,1253.9840641955363,6.741952470688614
159,0.007187435921193028,False,,,,,lanoiselee,24.99811345802592,3892.4018646911254,857.3694947604063,5.095246324869327
160,0.006909657632070642,False,,,,,lanoiselee,23.890675277995413,3822.4523880993506,1527.4077348357107,3.8059251179474423
161,0.007723707066446813,False,,,,,lanoiselee,26.623932307359595,3751.6467901630335,1605.4224210705756,3.689620837229402
162,0.006389254093359294,False,,,,,lanoiselee,25.37783811382878,4375.33446719428,497.08828863304944,5.5613262139679165
163,0.007472570458121081,False,,,,,lanoiselee,25.98582402624129,3783.150079824332,987.9766195861564,3.8181353899137105
164,0.007505996757080306,False,,,,,lanoiselee,29.117559927494735,4299.487717714679,1146.6611906108344,5.179185711835271
165,0.006850268862775741,False,,,,,lanoiselee,21.956550885941923,3694.708681161643,1897.4350643953326,4.692685084902896
166,0.007643010569688644,False,,,,,lanoiselee,23.735403649498135,3433.7258805443826,1180.5813555351608,3.927715764821444
167,0.009363883945255717,False,,,,,lanoiselee,25.23162937907938,3126.836075158024,1533.5993392418036,6.096958563271609
168,0.006740382767811901,False,,,,,lanoiselee,23.2187281443907,3947.169988561733,2004.1752517997465,4.769537286013379
169,0.007293648093695845,False,,,,,lanoiselee,22.95961267420061,3551.618873722705,2731.5745371591356,4.0655423765382155
170,0.008543457380078444,False,,,,,lanoiselee,26.039494008138163,3434.875202149967,2258.63247636409,4.725092957254907
171,0.006583318064926423,False,,,,,lanoiselee,25.42548055379868,4271.49496380539,956.613816971394,4.49234526230044
172,0.005964619500958437,False,,,,,lanoiselee,22.609390403402724,4649.956159563113,3259.1478180003096,6.63166876760002
173,0.009793430319259227,False,,,,,lanoiselee,27.593368127437937,3357.91678294128,1473.0974566902955,8.469086617425885
174,0.007562046356612559,False,,,,,lanoiselee,26.058853983734345,3914.915546183195,2916.7872692176766,4.89202604772906
175,0.005324534899894108,False,,,,,lanoiselee,20.67233724571544,4530.946286270576,1575.420320692731,4.854824098620883
176,0.008033993398614828,False,,,,,lanoiselee,26.785527900656554,4036.372169087254,1265.4876450697743,9.38962211998424
177,0.009728549642877267,False,,,,,lanoiselee,33.95827598708819,3856.0854554520224,1364.549835949831,5.961227558802354
178,0.008996047899247716,False,,,,,lanoiselee,28.403800739739136,3487.171174375675,1308.8234609106823,4.771273135175048
179,0.007590621758867482,False,,,,,lanoiselee,23.630756203794366,3672.3742151781858,1562.8098588944204,6.163150871491157
180,0.006416124437866789,False,,,,,lanoiselee,25.7232926618236,4314.746670998252,480.6612256770871,4.124481855465427
181,0.005975452303332227,False,,,,,lanoiselee,22.969592963820144,4278.4942074437895,1901.6896304076754,3.763429538770429
182,0.006806211148337142,False,,,,,lanoiselee,21.161205348516283,3557.6077710919076,551.9190470015922,6.173984226060995
183,0.0062396225335810815,False,,,,,lanoiselee,21.84395227934689,4096.420675622706,1743.7209291705697,5.187545899563144
184,0.00698269394715094,False,,,,,lanoiselee,25.527938064798825,4113.236261591508,1764.5574989494323,4.646574849595869
185,0.006403867625449629,False,,,,,lanoiselee,22.747055985115374,4030.4117645786787,1202.0559003653048,4.620120502313553
186,0.00664636613925671,False,,,,,lanoiselee,25.136540633350528,4331.13000857023,855.3894500647181,6.33424267399561
187,0.008170105060209277,False,,,,,lanoiselee,26.473178149908787,3542.242684674165,1008.2603191545671,4.14983996643322
188,0.005360726769508943,False,,,,,lanoiselee,22.047419568668868,4669.912108288524,1899.423447007749,4.1733869558462935
189,0.008185866588965272,False,,,,,lanoiselee,25.80134320033477,3527.6815602171077,1398.6078518659474,4.713732855303927
190,0.005944184843490585,False,,,,,lanoiselee,23.288044006222183,4630.901023942699,2963.7691814784753,5.5853978792134065
191,0.008241729336149006,False,,,,,lanoiselee,26.931522349917216,3640.389983454475,1082.481072498275,5.034564580963765
192,0.006416632212042011,False,,,,,lanoiselee,21.825334320354447,3835.5018191636645,1115.944194670828,4.2393252609802845
193,0.006118813204821754,False,,,,,lanoiselee,22.85900831294331,4381.6944179334505,1979.6800851944292,5.4760093700246015
194,0.006769766863928131,False,,,,,lanoiselee,22.82862475338374,3748.6221002472257,1600.4113622140421,3.771654917547849
195,0.008135751386177609,False,,,,,lanoiselee,26.842594771056646,3695.6587335801746,2809.324431987851,4.5742533268139445
196,0.008477329637981939,False,,,,,lanoiselee,26.535947606534503,3534.9145294234813,2098.166955056385,4.959224196913405
197,0.007824208526857937,False,,,,,lanoiselee,25.38830572442422,3652.328066345126,827.1248128412423,5.646213753066497
198,0.0058762294598174135,False,,,,,lanoiselee,21.745072943432532,4229.604245662983,1650.1046128109422,4.432813025643528
199,0.006332961602234098,False,,,,,lanoiselee,23.24692842132885,4039.721996738872,1044.9190723311133,3.7276024228219025
