model,institution,population,spec,k_transported,k_recalibrated,k_pct_difference,bias_transported_iu,bias_recalibrated_iu,mape_transported,mape_recalibrated,loa_width_transported_iu,loa_width_recalibrated_iu
delavenne,heavier_population,adult,"heavier_population: 400 IU/kg, prime 5000 IU, IBW 95+/-15 kg, time to CPB 15+/-3.75 min, time on CPB 60+/-15 min [adult]",0.010463690547838706,0.008890279922424587,-15.036861212787965,2405.468017428422,-0.01287165417012875,12.344459409660903,7.887492222950901,9535.248366684067,8301.751733080899
delavenne,lighter_population,adult,"lighter_population: 400 IU/kg, prime 5000 IU, IBW 55+/-8 kg, time to CPB 15+/-3.75 min, time on CPB 60+/-15 min [adult]",0.010463690547838706,0.011915193487983611,13.871806830571032,-1242.8564781491991,-0.010060957615471124,14.511499446857012,11.724648310361898,5948.535703553779,6365.74532702944
delavenne,long_bypass,adult,"long_bypass: 400 IU/kg, prime 5000 IU, IBW 70+/-10 kg, time to CPB 15+/-3.75 min, time on CPB 110+/-25 min [adult]",0.010463690547838706,0.0074604105060690025,-28.701919538226754,3979.824469471267,-0.007193118902368951,30.935749378770335,10.472803407994848,7639.6963401663625,6801.015028060322
delavenne,short_bypass,adult,"short_bypass: 400 IU/kg, prime 5000 IU, IBW 70+/-10 kg, time to CPB 15+/-3.75 min, time on CPB 35+/-10 min [adult]",0.010463690547838706,0.013522799702097858,29.235470413362098,-2715.8800014506014,0.017986653417772686,17.000837561858614,8.091424491200444,4988.631869340403,6456.715607990192
delavenne,high_dose,adult,"high_dose: 550 IU/kg, prime 10000 IU, IBW 70+/-10 kg, time to CPB 15+/-3.75 min, time on CPB 60+/-15 min [adult]",0.010463690547838706,0.0104408869615025,-0.21793062621596224,37.046913072654554,-0.01837839615248231,9.627082214875738,9.618077075499325,10377.841709165868,10363.56403230436
delavenne,low_dose_no_prime,adult,"low_dose_no_prime: 300 IU/kg, prime 0 IU, IBW 70+/-10 kg, time to CPB 15+/-3.75 min, time on CPB 60+/-15 min [adult]",0.010463690547838706,0.010585449199691739,1.1636300910884871,-85.20215938148615,0.001846594947091944,9.981988122588039,9.988553393390426,4581.822066915803,4618.22878044264
delavenne,slow_start,adult,"slow_start: 400 IU/kg, prime 5000 IU, IBW 70+/-10 kg, time to CPB 35+/-8 min, time on CPB 60+/-15 min [adult]",0.010463690547838706,0.00879443269367189,-15.952859524420893,2062.2653983452155,0.010099789588221029,15.770463039826907,9.130839906576341,7050.832230279762,6386.593224389185
delavenne,wide_case_mix,adult,"wide_case_mix: 400 IU/kg, prime 5000 IU, IBW 75+/-20 kg, time to CPB 20+/-10 min, time on CPB 75+/-35 min [adult]",0.010463690547838706,0.008637283295216508,-17.45471393933229,2268.2270100824217,-0.015468124484028522,21.918323646600417,17.169820650855428,13887.074759712263,12215.850201054955
delavenne,small_bodied_adults,adult,"small_bodied_adults: 400 IU/kg, prime 5000 IU, IBW 58+/-8 kg, time to CPB 15+/-3.75 min, time on CPB 60+/-15 min [adult]",0.010463690547838706,0.011587703225564553,10.742029044026092,-1017.556212025675,-0.011102303816547646,12.70339803904202,11.123517420714169,6128.997540006207,6469.543676188193
jia,heavier_population,adult,"heavier_population: 400 IU/kg, prime 5000 IU, IBW 95+/-15 kg, time to CPB 15+/-3.75 min, time on CPB 60+/-15 min [adult]",0.007152151887964866,0.007208171313775524,0.7832527425056942,-103.53890385719669,-0.03993285179036684,0.5279265641858998,0.3425940653098183,454.5425834960017,411.9333854932341
jia,lighter_population,adult,"lighter_population: 400 IU/kg, prime 5000 IU, IBW 55+/-8 kg, time to CPB 15+/-3.75 min, time on CPB 60+/-15 min [adult]",0.007152151887964866,0.0071009188679257524,-0.7163301456911904,59.68355025419218,-0.007942655241668034,0.573522659935742,0.528939836253926,386.3779339316733,404.8285035686674
jia,long_bypass,adult,"long_bypass: 400 IU/kg, prime 5000 IU, IBW 70+/-10 kg, time to CPB 15+/-3.75 min, time on CPB 110+/-25 min [adult]",0.007152151887964866,0.007233653379670031,1.1395380436803877,-133.90315691531845,0.018514118099403277,1.0772139871220507,0.4308526320950696,322.400865227036,286.6818300057088
jia,short_bypass,adult,"short_bypass: 400 IU/kg, prime 5000 IU, IBW 70+/-10 kg, time to CPB 15+/-3.75 min, time on CPB 35+/-10 min [adult]",0.007152151887964866,0.007041320420576131,-1.5496240729343889,126.2570345068396,0.012679056961476818,0.6027442370952458,0.41677649464445576,421.02855619373156,463.16582508226423
jia,high_dose,adult,"high_dose: 550 IU/kg, prime 10000 IU, IBW 70+/-10 kg, time to CPB 15+/-3.75 min, time on CPB 60+/-15 min [adult]",0.007152151887964866,0.007068407638460932,-1.1708958480713065,175.48084729748604,-0.011193768153309065,0.7281901514879227,0.5843948625345775,755.5746819242113,806.3350001218423
jia,low_dose_no_prime,adult,"low_dose_no_prime: 300 IU/kg, prime 0 IU, IBW 70+/-10 kg, time to CPB 15+/-3.75 min, time on CPB 60+/-15 min [adult]",0.007152151887964866,0.00739132053616809,3.3440096344385446,-214.29457545496408,-0.0017655010788412255,1.8051068201557552,0.02154966117353041,137.99294203318954,12.396486204654012
jia,slow_start,adult,"slow_start: 400 IU/kg, prime 5000 IU, IBW 70+/-10 kg, time to CPB 35+/-8 min, time on CPB 60+/-15 min [adult]",0.007152151887964866,0.0069216547623379854,-3.2227660882698137,364.3520713387979,-0.021724144576892285,2.1935400830675413,0.9010736010500853,669.9388990899951,741.2776081205748
jia,wide_case_mix,adult,"wide_case_mix: 400 IU/kg, prime 5000 IU, IBW 75+/-20 kg, time to CPB 20+/-10 min, time on CPB 75+/-35 min [adult]",0.007152151887964866,0.007130052336597612,-0.3089916393476171,34.809458264962814,0.017217042898480032,1.0952056281808953,1.1276246123528018,931.9221408388346,951.6108214605906
jia,small_bodied_adults,adult,"small_bodied_adults: 400 IU/kg, prime 5000 IU, IBW 58+/-8 kg, time to CPB 15+/-3.75 min, time on CPB 60+/-15 min [adult]",0.007152151887964866,0.007113168606832143,-0.5450566730597759,47.421611483110695,0.0034364373109183363,0.5216457800919054,0.5028098298362167,387.85918844253825,402.1286038217075
lanoiselee,heavier_population,adult,"heavier_population: 400 IU/kg, prime 5000 IU, IBW 95+/-15 kg, time to CPB 15+/-3.75 min, time on CPB 60+/-15 min [adult]",0.007030324936405744,0.007084750786527892,0.7741583869091201,-101.52435431062509,-0.023476577451812773,0.46819915998205525,0.3198291327667438,410.0076288744824,385.4610524019523
lanoiselee,lighter_population,adult,"lighter_population: 400 IU/kg, prime 5000 IU, IBW 55+/-8 kg, time to CPB 15+/-3.75 min, time on CPB 60+/-15 min [adult]",0.007030324936405744,0.006981275040371604,-0.6976903127214016,57.68291859755924,0.0054417058561648446,0.5450938029146646,0.4691303311408896,354.1525038780992,365.5782951232136
lanoiselee,long_bypass,adult,"long_bypass: 400 IU/kg, prime 5000 IU, IBW 70+/-10 kg, time to CPB 15+/-3.75 min, time on CPB 110+/-25 min [adult]",0.007030324936405744,0.007000731155608504,-0.4209447083162801,49.7205229230535,-0.0023937462234844132,0.7007823418640055,0.5856423647252064,376.3868739600292,379.1552893151435
lanoiselee,short_bypass,adult,"short_bypass: 400 IU/kg, prime 5000 IU, IBW 70+/-10 kg, time to CPB 15+/-3.75 min, time on CPB 35+/-10 min [adult]",0.007030324936405744,0.006971384610639171,-0.8383727110728144,67.46201565565516,-0.006327664631144216,0.4389239165142893,0.38732387948886565,415.48251110970045,434.1094861548806
lanoiselee,high_dose,adult,"high_dose: 550 IU/kg, prime 10000 IU, IBW 70+/-10 kg, time to CPB 15+/-3.75 min, time on CPB 60+/-15 min [adult]",0.007030324936405744,0.006949909308425071,-1.1438394200565292,170.09648254686059,0.025650636376809414,0.7099684030317404,0.5176231303370868,696.0439030517997,728.1946529754888
lanoiselee,low_dose_no_prime,adult,"low_dose_no_prime: 300 IU/kg, prime 0 IU, IBW 70+/-10 kg, time to CPB 15+/-3.75 min, time on CPB 60+/-15 min [adult]",0.007030324936405744,0.0072613320944157275,3.28586743997762,-208.99351481917205,-0.01417563917051848,1.7155265647406308,0.21406884246688918,130.48415531556353,124.4139696154388
lanoiselee,slow_start,adult,"slow_start: 400 IU/kg, prime 5000 IU, IBW 70+/-10 kg, time to CPB 35+/-8 min, time on CPB 60+/-15 min [adult]",0.007030324936405744,0.006769423584051799,-3.711085258703996,417.896050594041,0.0016149493269858794,2.5079236435445975,0.85735629569449,671.253185687067,717.5326776824043
lanoiselee,wide_case_mix,adult,"wide_case_mix: 400 IU/kg, prime 5000 IU, IBW 75+/-20 kg, time to CPB 20+/-10 min, time on CPB 75+/-35 min [adult]",0.007030324936405744,0.0069568696512317335,-1.04483485242098,117.39059846165203,0.02138043823146745,1.2383400685961243,1.0791705756970105,871.4061957763543,908.3689041256429
lanoiselee,small_bodied_adults,adult,"small_bodied_adults: 400 IU/kg, prime 5000 IU, IBW 58+/-8 kg, time to CPB 15+/-3.75 min, time on CPB 60+/-15 min [adult]",0.007030324936405744,0.006993081207980744,-0.5297582794806217,45.73180495654488,0.009017609843109313,0.48907041546468033,0.44514027677689844,354.3530790488857,362.7253636578674
meesters,heavier_population,adult,"heavier_population: 400 IU/kg, prime 5000 IU, IBW 95+/-15 kg, time to CPB 15+/-3.75 min, time on CPB 60+/-15 min [adult]",0.0038579698605798007,0.003932614965457011,1.9348286164680513,-177.45139939054783,-0.013896117492447957,1.3596900016966569,1.3955634345357961,2082.078926178466,2165.206499162271
meesters,lighter_population,adult,"lighter_population: 400 IU/kg, prime 5000 IU, IBW 55+/-8 kg, time to CPB 15+/-3.75 min, time on CPB 60+/-15 min [adult]",0.0038579698605798007,0.0037900696302467112,-1.7599989835816134,101.95432416957729,0.02421005839118152,1.4139672404612837,1.2689960918406664,1295.0190644639479,1246.8592223269288
meesters,long_bypass,adult,"long_bypass: 400 IU/kg, prime 5000 IU, IBW 70+/-10 kg, time to CPB 15+/-3.75 min, time on CPB 110+/-25 min [adult]",0.0038579698605798007,0.0034357832132177477,-10.943233426364925,1086.722827330919,-0.031622556451642594,5.309059340066174,1.3727377719840623,1923.3491620249656,1448.9599178490544
meesters,short_bypass,adult,"short_bypass: 400 IU/kg, prime 5000 IU, IBW 70+/-10 kg, time to CPB 15+/-3.75 min, time on CPB 35+/-10 min [adult]",0.0038579698605798007,0.004334447940552365,12.35048735971608,-633.4795300401269,0.010447596635436639,2.329451051172434,1.1879328739763915,1220.1610776304283,1513.34971784366
meesters,high_dose,adult,"high_dose: 550 IU/kg, prime 10000 IU, IBW 70+/-10 kg, time to CPB 15+/-3.75 min, time on CPB 60+/-15 min [adult]",0.0038579698605798007,0.0037469194800074006,-2.878466773602807,299.9448944530722,-0.025528931976576134,1.5288875040178174,1.2316958862827203,2321.951600234904,2180.1161862557665
meesters,low_dose_no_prime,adult,"low_dose_no_prime: 300 IU/kg, prime 0 IU, IBW 70+/-10 kg, time to CPB 15+/-3.75 min, time on CPB 60+/-15 min [adult]",0.0038579698605798007,0.0041767412045642,8.26267066628904,-366.61772148601,-0.025680715605236402,2.4106702940074993,1.6192831716009075,1027.7239168652168,1213.2951796810216
meesters,slow_start,adult,"slow_start: 400 IU/kg, prime 5000 IU, IBW 70+/-10 kg, time to CPB 35+/-8 min, time on CPB 60+/-15 min [adult]",0.0038579698605798007,0.003535696940299936,-8.35343281379164,702.7832001847873,-0.010453596252051283,3.2291735743169085,1.2463224187771347,1711.9451089412887,1440.0065629194492
meesters,wide_case_mix,adult,"wide_case_mix: 400 IU/kg, prime 5000 IU, IBW 75+/-20 kg, time to CPB 20+/-10 min, time on CPB 75+/-35 min [adult]",0.0038579698605798007,0.0036356762971154837,-5.7619310543527495,494.96596320391865,0.029284266375019796,3.5404946684986096,2.4751277155657525,3318.4548414791093,2877.2837391410376
meesters,small_bodied_adults,adult,"small_bodied_adults: 400 IU/kg, prime 5000 IU, IBW 58+/-8 kg, time to CPB 15+/-3.75 min, time on CPB 60+/-15 min [adult]",0.0038579698605798007,0.003806272542616631,-1.3400135260621275,81.03071867174906,0.020736560663421187,1.377967353767664,1.2792802547862971,1350.7920942554315,1311.6520226952227
prodose,heavier_population,adult,"heavier_population: 400 IU/kg, prime 5000 IU, IBW 95+/-15 kg, time to CPB 15+/-3.75 min, time on CPB 60+/-15 min [adult]",0.005495688622151766,0.005584173546926547,1.6100789338413375,-185.38015253175317,-0.031695329426727765,1.340664458653411,1.3754065429887827,1819.7528051961401,1885.7523198054084
prodose,lighter_population,adult,"lighter_population: 400 IU/kg, prime 5000 IU, IBW 55+/-8 kg, time to CPB 15+/-3.75 min, time on CPB 60+/-15 min [adult]",0.005495688622151766,0.00541482978579405,-1.4713140047963085,107.04656155349126,-0.022104815935481383,1.4399559036036216,1.2460254982387358,1123.1816114603755,1085.0632899542147
prodose,long_bypass,adult,"long_bypass: 400 IU/kg, prime 5000 IU, IBW 70+/-10 kg, time to CPB 15+/-3.75 min, time on CPB 110+/-25 min [adult]",0.005495688622151766,0.005098692650317441,-7.223771198283188,828.5385198192424,0.009977874698104643,5.079604271221866,1.3567253098792662,1399.4765403663787,1172.4787686507227
prodose,short_bypass,adult,"short_bypass: 400 IU/kg, prime 5000 IU, IBW 70+/-10 kg, time to CPB 15+/-3.75 min, time on CPB 35+/-10 min [adult]",0.005495688622151766,0.005937674136726617,8.042404600459287,-540.5075207895406,-0.009087527191752088,2.136357249822204,1.1582181576779886,1157.6502921716874,1361.7012537361736
prodose,high_dose,adult,"high_dose: 550 IU/kg, prime 10000 IU, IBW 70+/-10 kg, time to CPB 15+/-3.75 min, time on CPB 60+/-15 min [adult]",0.005495688622151766,0.004349598217727339,-20.85435480832773,2840.927975515349,-0.045165419429780744,8.29861516988042,1.2217959404839949,3521.772979550823,2067.542825168493
prodose,low_dose_no_prime,adult,"low_dose_no_prime: 300 IU/kg, prime 0 IU, IBW 70+/-10 kg, time to CPB 15+/-3.75 min, time on CPB 60+/-15 min [adult]",0.005495688622151766,0.0070519111441917585,28.317152390461914,-1505.7896932780209,0.009736912720192777,12.138310542489263,1.618788670948743,888.3897185765718,981.6449071004239
prodose,slow_start,adult,"slow_start: 400 IU/kg, prime 5000 IU, IBW 70+/-10 kg, time to CPB 35+/-8 min, time on CPB 60+/-15 min [adult]",0.005495688622151766,0.005116933843931492,-6.891852946209633,707.1225216209709,0.021075744154706626,3.7510392417648926,1.2973398180521327,1468.2624675627758,1291.1550719590884
prodose,wide_case_mix,adult,"wide_case_mix: 400 IU/kg, prime 5000 IU, IBW 75+/-20 kg, time to CPB 20+/-10 min, time on CPB 75+/-35 min [adult]",0.005495688622151766,0.005283029384712002,-3.869564890969032,399.79265509355906,0.02197649681776147,3.5477380221915733,2.4904030013201415,2720.5000115037756,2459.3927696905953
prodose,small_bodied_adults,adult,"small_bodied_adults: 400 IU/kg, prime 5000 IU, IBW 58+/-8 kg, time to CPB 15+/-3.75 min, time on CPB 60+/-15 min [adult]",0.005495688622151766,0.005434073702912442,-1.1211501137631712,85.13490519070727,-0.019824828032271397,1.3874413969457569,1.2547237317540498,1171.332961139046,1139.8784035725282
