model,k,pattern,scenario,size_iu,first_topup_min,n_topups,total_topup_iu,mean_diff_iu,mean_abs_diff_iu,worst_abs_diff_iu,worst_diff_iu,worst_diff_time_min,mean_pct_error,mean_abs_pct_error,worst_abs_pct_error,pct_of_window_within_threshold,n_evaluation_points,horizon_min
delavenne,0.010463690547838706,single,2500 IU at 30 min,2500.0,30.0,1,2500.0,3526.001798834361,4780.119657551736,7649.390425381813,7649.390425381813,240.0,30.34280644254201,36.85378894948063,72.12641615727547,8.16326530612245,49,240.0
delavenne,0.010463690547838706,single,2500 IU at 60 min,2500.0,60.0,1,2500.0,4587.023764128414,4794.833187935402,7610.268347075275,7610.268347075275,240.0,37.218569391057514,38.38277515274682,71.33179661386785,10.204081632653061,49,240.0
delavenne,0.010463690547838706,single,2500 IU at 90 min,2500.0,90.0,1,2500.0,5433.200389079819,5433.200389079819,7538.4744249629075,7538.4744249629075,240.0,43.459421210610216,43.459421210610216,70.20877378434145,0.0,49,240.0
delavenne,0.010463690547838706,single,2500 IU at 120 min,2500.0,120.0,1,2500.0,6013.430300797861,6013.430300797861,7420.8825404959725,7420.8825404959725,240.0,48.366028548245,48.366028548245,68.6386600807339,0.0,49,240.0
delavenne,0.010463690547838706,single,5000 IU at 30 min,5000.0,30.0,1,5000.0,3659.309322836919,5056.11786831649,8168.97643725687,8168.97643725687,240.0,29.523276588263922,36.20435853997261,71.63975050911255,8.16326530612245,49,240.0
delavenne,0.010463690547838706,single,5000 IU at 60 min,5000.0,60.0,1,5000.0,4659.152781871437,4927.115657695645,8090.732280643796,8090.732280643796,240.0,35.23355192039958,36.58763315202384,70.17448443722905,10.204081632653061,49,240.0
delavenne,0.010463690547838706,single,5000 IU at 90 min,5000.0,90.0,1,5000.0,5430.204519521512,5430.204519521512,7947.14443641906,7947.14443641906,240.0,40.10126610054167,40.10126610054167,68.12086751007394,0.0,49,240.0
delavenne,0.010463690547838706,single,5000 IU at 120 min,5000.0,120.0,1,5000.0,5920.553362366519,5920.553362366519,7711.9606674851875,7711.9606674851875,240.0,43.49859632213008,43.49859632213008,65.27356524584552,0.0,49,240.0
delavenne,0.010463690547838706,single,10000 IU at 30 min,10000.0,30.0,1,10000.0,3925.9243708420345,5619.25864210893,9208.148461006986,9208.148461006986,240.0,28.18131940653402,35.20716844367701,70.84554409582121,6.122448979591836,49,240.0
delavenne,0.010463690547838706,single,10000 IU at 60 min,10000.0,60.0,1,10000.0,4803.4108173574805,5244.4803947214195,9051.660147780836,9051.660147780836,240.0,32.06082185541408,33.96008310794706,68.31085814916665,10.204081632653061,49,240.0
delavenne,0.010463690547838706,single,10000 IU at 90 min,10000.0,90.0,1,10000.0,5424.212780404902,5424.212780404902,8764.484459331365,8764.484459331365,240.0,34.85187744025887,34.85187744025887,64.80559523724033,0.0,49,240.0
delavenne,0.010463690547838706,single,10000 IU at 120 min,10000.0,120.0,1,10000.0,5734.799485503831,5734.799485503831,8294.116921463621,8294.116921463621,240.0,36.05094016885198,36.05094016885198,60.00902464893484,0.0,49,240.0
delavenne,0.010463690547838706,two_boluses,2 x 2500 IU at 60/120 min,2500.0,60.0,2,5000.0,4526.282519140826,4734.091942947814,7901.346474064491,7901.346474064491,240.0,33.64351636375165,34.80772212544097,67.69406841833109,10.204081632653061,49,240.0
delavenne,0.010463690547838706,two_boluses,2 x 5000 IU at 60/120 min,5000.0,60.0,2,10000.0,4537.670291896259,4805.633167720467,8672.888534622229,8672.888534622229,240.0,29.333224670495714,30.687305902119977,64.072428043268,10.204081632653061,49,240.0
delavenne,0.010463690547838706,two_boluses,2 x 10000 IU at 60/120 min,10000.0,60.0,2,20000.0,4560.4458374071255,5001.515414771065,10215.972655737703,10215.972655737703,240.0,23.438431602119813,25.33769285465278,59.17524693031144,10.204081632653061,49,240.0
delavenne,0.010463690547838706,three_boluses,3 x 2500 IU at 45/90/135 min,2500.0,45.0,3,7500.0,3991.8231937791643,4660.4122134597355,8252.000580847274,8252.000580847274,240.0,27.998552403117824,31.63856758695311,65.44554055016764,10.204081632653061,49,240.0
delavenne,0.010463690547838706,three_boluses,3 x 5000 IU at 45/90/135 min,5000.0,45.0,3,15000.0,4019.0063773727547,4800.0048031438855,9374.196748187795,9374.196748187795,240.0,23.217882871111655,27.09471477754469,60.833070022941435,10.204081632653061,49,240.0
delavenne,0.010463690547838706,three_boluses,3 x 10000 IU at 45/90/135 min,10000.0,45.0,3,30000.0,4073.372744559934,5110.018739903073,11618.589082868832,11618.589082868832,240.0,17.301867536190574,21.71690481219504,55.29712289203145,14.285714285714285,49,240.0
jia,0.007164568208057913,single,2500 IU at 30 min,2500.0,30.0,1,2500.0,-87.9148239833869,144.1483446928913,281.5413349477167,281.5413349477167,30.0,-1.0454889059268584,1.255161128811074,2.432667754206811,100.0,49,240.0
jia,0.007164568208057913,single,2500 IU at 60 min,2500.0,60.0,1,2500.0,-129.63917137015574,137.869673476901,185.64058922387994,-185.64058922387994,180.0,-1.2909547819672127,1.326178809030189,2.4287934873279204,100.0,49,240.0
jia,0.007164568208057913,single,2500 IU at 90 min,2500.0,90.0,1,2500.0,-154.4094241721438,154.4094241721438,184.82269395080039,-184.82269395080039,183.75,-1.496188921253621,1.496188921253621,2.4029263546533306,100.0,49,240.0
jia,0.007164568208057913,single,2500 IU at 120 min,2500.0,120.0,1,2500.0,-166.25263187939214,166.25263187939214,181.64406982819855,-181.64406982819855,187.5,-1.6524493129562594,1.6524493129562594,2.3466555276887,100.0,49,240.0
jia,0.007164568208057913,single,5000 IU at 30 min,5000.0,30.0,1,5000.0,-109.31602309042893,161.6423602498053,281.5413349477167,281.5413349477167,30.0,-1.1356682496229586,1.3139234767390973,2.545768804044448,100.0,49,240.0
jia,0.007164568208057913,single,5000 IU at 60 min,5000.0,60.0,1,5000.0,-150.9712174922645,158.58990749322982,212.61394655240474,-212.61394655240474,180.0,-1.3523752460597513,1.3818074851211435,2.534600948035779,100.0,49,240.0
jia,0.007164568208057913,single,5000 IU at 90 min,5000.0,90.0,1,5000.0,-175.11273840256894,175.11273840256894,211.18778868560548,-211.18778868560548,183.75,-1.515104701774443,1.515104701774443,2.4839908915399644,100.0,49,240.0
jia,0.007164568208057913,single,5000 IU at 120 min,5000.0,120.0,1,5000.0,-185.57168079585594,185.57168079585594,205.78872077048436,-205.78872077048436,195.0,-1.6142405595616487,1.6142405595616487,2.382039210704208,100.0,49,240.0
jia,0.007164568208057913,single,10000 IU at 30 min,10000.0,30.0,1,10000.0,-152.11842130451248,198.3992602044388,281.5413349477167,281.5413349477167,30.0,-1.2794221709897455,1.413985369459775,2.726155585346918,100.0,49,240.0
jia,0.007164568208057913,single,10000 IU at 60 min,10000.0,60.0,1,10000.0,-193.6353097364824,200.216579680029,266.5773397024368,-266.5773397024368,176.25,-1.4461003393341745,1.4673616431688479,2.6962033322768315,100.0,49,240.0
jia,0.007164568208057913,single,10000 IU at 90 min,10000.0,90.0,1,10000.0,-216.5193668634199,216.5193668634199,264.2736454859787,-264.2736454859787,190.0,-1.5425956794345825,1.5425956794345825,2.6018354076642605,100.0,49,240.0
jia,0.007164568208057913,single,10000 IU at 120 min,10000.0,120.0,1,10000.0,-224.20977862878354,224.20977862878354,256.04245350603014,-256.04245350603014,202.5,-1.5618288904955462,1.5618288904955462,2.4307020537757045,100.0,49,240.0
jia,0.007164568208057913,two_boluses,2 x 2500 IU at 60/120 min,2500.0,60.0,2,5000.0,-142.60810880412834,150.83861091087363,208.49899298509627,-208.49899298509627,187.5,-1.2508117022757026,1.2860357293386793,2.454580887030054,100.0,49,240.0
jia,0.007164568208057913,two_boluses,2 x 5000 IU at 60/120 min,5000.0,60.0,2,10000.0,-176.9090923602096,184.52778236117493,259.21216058079153,-259.21216058079153,191.25,-1.2759653092329744,1.3053975482943667,2.552844831277193,100.0,49,240.0
jia,0.007164568208057913,two_boluses,2 x 10000 IU at 60/120 min,10000.0,60.0,2,20000.0,-245.5110594723726,252.0923294159192,361.73006847393845,-361.73006847393845,198.75,-1.3100921999287796,1.3313535037634525,2.6697818457584366,100.0,49,240.0
jia,0.007164568208057913,three_boluses,3 x 2500 IU at 45/90/135 min,2500.0,45.0,3,7500.0,-137.144102007829,163.67946478092603,231.78454865464482,-231.78454865464482,191.25,-1.1285581209196118,1.2346140556410838,2.488157777619639,100.0,49,240.0
jia,0.007164568208057913,three_boluses,3 x 5000 IU at 45/90/135 min,5000.0,45.0,3,15000.0,-184.51992741514198,209.09186905045976,306.66145865542603,-306.66145865542603,195.3125,-1.161515353808365,1.250728598711839,2.588370223699437,100.0,49,240.0
jia,0.007164568208057913,three_boluses,3 x 10000 IU at 45/90/135 min,10000.0,45.0,3,30000.0,-279.271578229769,300.74022443873355,458.2373195633845,-458.2373195633845,203.4375,-1.204988252087281,1.270850709962109,2.692504712098578,100.0,49,240.0
lanoiselee,0.007030324936405744,single,2500 IU at 30 min,2500.0,30.0,1,2500.0,137.06675683483576,154.07836389912643,471.6744424403978,471.6744424403978,240.0,1.4904487018900718,1.578894007214459,6.598154966414182,100.0,49,240.0
lanoiselee,0.007030324936405744,single,2500 IU at 60 min,2500.0,60.0,1,2500.0,139.42296919771007,155.28848844290653,460.6482851425353,460.6482851425353,240.0,1.5887686391502525,1.6714523885446293,6.3348394599545506,100.0,49,240.0
lanoiselee,0.007030324936405744,single,2500 IU at 90 min,2500.0,90.0,1,2500.0,167.35727287103035,173.2773902137251,449.3473785793276,449.3473785793276,240.0,1.8276663198700087,1.8594549115584829,6.051031776455376,100.0,49,240.0
lanoiselee,0.007030324936405744,single,2500 IU at 120 min,2500.0,120.0,1,2500.0,211.53599463002251,211.53599463002251,438.86169599281493,438.86169599281493,240.0,2.2081589842165243,2.2081589842165243,5.759370621055129,100.0,49,240.0
lanoiselee,0.007030324936405744,single,5000 IU at 30 min,5000.0,30.0,1,5000.0,126.1609350221232,158.2910006179476,488.9508653396506,488.9508653396506,240.0,1.3301103133369072,1.4856863957458408,6.319626091895417,100.0,49,240.0
lanoiselee,0.007030324936405744,single,5000 IU at 60 min,5000.0,60.0,1,5000.0,124.62501317444556,153.661680219901,466.89855074392744,466.89855074392744,240.0,1.3519330215077179,1.493283453683821,5.8485212528883475,100.0,49,240.0
lanoiselee,0.007030324936405744,single,5000 IU at 90 min,5000.0,90.0,1,5000.0,149.35377142490393,160.58999301876338,444.2967376175111,444.2967376175111,240.0,1.4982312317416318,1.5539989041991156,5.358275310019588,100.0,49,240.0
lanoiselee,0.007030324936405744,single,5000 IU at 120 min,5000.0,120.0,1,5000.0,191.48621975431018,191.48621975431018,423.32537244448577,423.32537244448577,240.0,1.7674409717188382,1.7674409717188382,4.877144639767362,100.0,49,240.0
lanoiselee,0.007030324936405744,single,10000 IU at 30 min,10000.0,30.0,1,10000.0,104.34929139669892,172.40439184222956,523.5037111381571,523.5037111381571,240.0,1.0736293631762501,1.3634280346921082,5.872888934601914,100.0,49,240.0
lanoiselee,0.007030324936405744,single,10000 IU at 60 min,10000.0,60.0,1,10000.0,95.02910112791653,157.58314437671868,479.3990819467108,479.3990819467108,240.0,0.9874541165712383,1.2558739253012494,5.096606997640988,100.0,49,240.0
lanoiselee,0.007030324936405744,single,10000 IU at 90 min,10000.0,90.0,1,10000.0,113.34676853265034,144.46422799157358,434.1954556938763,434.1954556938763,240.0,1.0131741298369605,1.1489363428095458,4.331803862963124,100.0,49,240.0
lanoiselee,0.007030324936405744,single,10000 IU at 120 min,10000.0,120.0,1,10000.0,151.3866700028859,151.3866700028859,392.25272534782744,392.25272534782744,240.0,1.1502856746168297,1.1502856746168297,3.6321653417331023,100.0,49,240.0
lanoiselee,0.007030324936405744,two_boluses,2 x 2500 IU at 60/120 min,2500.0,60.0,2,5000.0,126.00826328759118,141.8737825327877,445.11196159420615,445.11196159420615,240.0,1.2613330443728772,1.3439776141399167,5.342528929164388,100.0,49,240.0
lanoiselee,0.007030324936405744,two_boluses,2 x 5000 IU at 60/120 min,5000.0,60.0,2,10000.0,97.79560135420786,128.7978134119034,435.82590364727,435.82590364727,240.0,0.8595801664143489,1.0075056388181733,4.313899610170327,100.0,49,240.0
lanoiselee,0.007030324936405744,two_boluses,2 x 10000 IU at 60/120 min,10000.0,60.0,2,20000.0,41.370277487440966,124.32412302517277,417.25378775339595,417.25378775339595,240.0,0.3654179736689502,0.6904931168411228,3.0578082311528925,100.0,49,240.0
lanoiselee,0.007030324936405744,three_boluses,3 x 2500 IU at 45/90/135 min,2500.0,45.0,3,7500.0,109.36651726844714,130.9824040120649,441.2243664695525,441.2243664695525,240.0,0.990318468193998,1.0985503112964368,4.7712929556958805,100.0,49,240.0
lanoiselee,0.007030324936405744,three_boluses,3 x 5000 IU at 45/90/135 min,5000.0,45.0,3,15000.0,71.49100591349693,119.55185692853952,428.0507133979627,428.0507133979627,240.0,0.5601311490594949,0.7734290655555925,3.5865701642290606,100.0,49,240.0
lanoiselee,0.007030324936405744,three_boluses,3 x 10000 IU at 45/90/135 min,10000.0,45.0,3,30000.0,-4.260016796404893,131.40844592272236,401.70340725477945,401.70340725477945,240.0,0.08884137108008579,0.5548916584051702,2.320710434820536,100.0,49,240.0
meesters,0.0038579698605798007,single,2500 IU at 30 min,2500.0,30.0,1,2500.0,1099.410070055429,1402.9433409587448,2707.406748105772,2707.406748105772,240.0,5.836764907232824,6.876176375144447,16.026837365211104,38.775510204081634,49,240.0
meesters,0.0038579698605798007,single,2500 IU at 60 min,2500.0,60.0,1,2500.0,1388.0751337463405,1440.2927552517715,2679.978393373498,2679.978393373498,240.0,7.057071128236205,7.245031974646157,15.762753620337849,34.69387755102041,49,240.0
meesters,0.0038579698605798007,single,2500 IU at 90 min,2500.0,90.0,1,2500.0,1647.4533751487472,1647.4533751487472,2645.2672601571176,2645.2672601571176,240.0,8.275080802956541,8.275080802956541,15.450931610122446,24.489795918367346,49,240.0
meesters,0.0038579698605798007,single,2500 IU at 120 min,2500.0,120.0,1,2500.0,1866.1497088146116,1866.1497088146116,2602.0797806658484,2602.0797806658484,240.0,9.43242292720713,9.43242292720713,15.0851953816596,0.0,49,240.0
meesters,0.0038579698605798007,single,5000 IU at 30 min,5000.0,30.0,1,5000.0,1110.3680097623783,1461.9063177811504,2852.5582709315822,2852.5582709315822,240.0,5.54074769329991,6.664152259013068,15.716522037642905,34.69387755102041,49,240.0
meesters,0.0038579698605798007,single,5000 IU at 60 min,5000.0,60.0,1,5000.0,1378.7496748790502,1451.5392442331124,2797.7015614670418,2797.7015614670418,240.0,6.539880894107535,6.783058725349513,15.23132001745733,36.734693877551024,49,240.0
meesters,0.0038579698605798007,single,5000 IU at 90 min,5000.0,90.0,1,5000.0,1615.842683982561,1615.842683982561,2728.2792950342737,2728.2792950342737,240.0,7.507182288576195,7.507182288576195,14.664207540842177,26.53061224489796,49,240.0
meesters,0.0038579698605798007,single,5000 IU at 120 min,5000.0,120.0,1,5000.0,1810.7221010552817,1810.7221010552817,2641.9043360517408,2641.9043360517408,240.0,8.390094091452877,8.390094091452877,14.006043259118826,0.0,49,240.0
meesters,0.0038579698605798007,single,10000 IU at 30 min,10000.0,30.0,1,10000.0,1132.2838891762776,1586.9286893599028,3142.8613165832066,3142.8613165832066,240.0,5.056793615328352,6.3397019889951665,15.20915893444224,30.612244897959183,49,240.0
meesters,0.0038579698605798007,single,10000 IU at 60 min,10000.0,60.0,1,10000.0,1360.09875714447,1494.206604453346,3033.1478976541257,3033.1478976541257,240.0,5.707021355983083,6.100692335116779,14.374895072030201,38.775510204081634,49,240.0
meesters,0.0038579698605798007,single,10000 IU at 90 min,10000.0,90.0,1,10000.0,1552.6213016501897,1552.6213016501897,2894.303364788593,2894.303364788593,240.0,6.290113681878844,6.290113681878844,13.415580490367438,32.6530612244898,49,240.0
meesters,0.0038579698605798007,single,10000 IU at 120 min,10000.0,120.0,1,10000.0,1699.866885536621,1699.866885536621,2721.55344682352,2721.55344682352,240.0,6.76564466911136,6.76564466911136,12.320657394794893,20.408163265306122,49,240.0
meesters,0.0038579698605798007,two_boluses,2 x 2500 IU at 60/120 min,2500.0,60.0,2,5000.0,1351.313711705516,1403.531333210947,2719.8029487593903,2719.8029487593903,240.0,6.312756571284824,6.500717417694777,14.610544219265048,36.734693877551024,49,240.0
meesters,0.0038579698605798007,two_boluses,2 x 5000 IU at 60/120 min,5000.0,60.0,2,10000.0,1305.226830797401,1378.0164001514631,2877.350672238823,2877.350672238823,240.0,5.315203795291173,5.558381626533151,13.324255309918176,40.816326530612244,49,240.0
meesters,0.0038579698605798007,two_boluses,2 x 10000 IU at 60/120 min,10000.0,60.0,2,20000.0,1213.053068981171,1347.160916290047,3192.446119197688,3192.446119197688,240.0,3.9346082011517125,4.328279180285408,11.586222898074652,48.97959183673469,49,240.0
meesters,0.0038579698605798007,three_boluses,3 x 2500 IU at 45/90/135 min,2500.0,45.0,3,7500.0,1184.5705701733655,1347.8491828667163,2792.229804283528,2792.229804283528,240.0,5.210000008589039,5.783965533949545,13.882782845290748,40.816326530612244,49,240.0
meesters,0.0038579698605798007,three_boluses,3 x 5000 IU at 45/90/135 min,5000.0,45.0,3,15000.0,1125.2481742849643,1325.468521770715,3022.204383287106,3022.204383287106,240.0,4.0883942419202155,4.743444938519739,12.290409555021698,44.89795918367347,49,240.0
meesters,0.0038579698605798007,three_boluses,3 x 10000 IU at 45/90/135 min,10000.0,45.0,3,30000.0,1006.6033825081631,1305.4642635451562,3482.153541294254,3482.153541294254,240.0,2.683263547161666,3.539440719019903,10.380845175373459,57.14285714285714,49,240.0
prodose,0.005495688622151766,single,2500 IU at 30 min,2500.0,30.0,1,2500.0,746.2641543980461,1010.2550658978025,1728.3872902692347,1728.3872902692347,240.0,5.537615899705881,6.5069448241881025,15.239715196463983,48.97959183673469,49,240.0
prodose,0.005495688622151766,single,2500 IU at 60 min,2500.0,60.0,1,2500.0,966.7731718304849,1011.5529245823079,1713.3591826920492,1713.3591826920492,240.0,6.644155034142257,6.822116331968068,14.940852305095675,42.857142857142854,49,240.0
prodose,0.005495688622151766,single,2500 IU at 90 min,2500.0,90.0,1,2500.0,1148.4044246396115,1148.4044246396115,1691.110069245242,1691.110069245242,240.0,7.725152516474629,7.725152516474629,14.56347240522483,34.69387755102041,49,240.0
prodose,0.005495688622151766,single,2500 IU at 120 min,2500.0,120.0,1,2500.0,1283.6660017078075,1283.6660017078075,1659.7357752269454,1659.7357752269454,240.0,8.714182693141767,8.714182693141767,14.092878367248426,22.448979591836736,49,240.0
prodose,0.005495688622151766,single,5000 IU at 30 min,5000.0,30.0,1,5000.0,741.5348538444008,1052.091583850419,1820.972478633148,1820.972478633148,240.0,5.212284162096623,6.277099712585583,14.89879728385044,48.97959183673469,49,240.0
prodose,0.005495688622151766,single,5000 IU at 60 min,5000.0,60.0,1,5000.0,946.9381033198982,1012.6179053108416,1790.9162634787808,1790.9162634787808,240.0,6.078521067820812,6.320445045352058,14.356233912371673,44.89795918367347,49,240.0
prodose,0.005495688622151766,single,5000 IU at 90 min,5000.0,90.0,1,5000.0,1111.0374279263701,1111.0374279263701,1746.4180365851644,1746.4180365851644,240.0,6.871795847602831,6.871795847602831,13.682799423485065,38.775510204081634,49,240.0
prodose,0.005495688622151766,single,5000 IU at 120 min,5000.0,120.0,1,5000.0,1226.552136508672,1226.552136508672,1683.669448548575,1683.669448548575,240.0,7.53111879546343,7.53111879546343,12.85847044744775,30.612244897959183,49,240.0
prodose,0.005495688622151766,single,10000 IU at 30 min,10000.0,30.0,1,10000.0,732.0762527371086,1144.9945726359665,2006.1428553609785,2006.1428553609785,240.0,4.684674152302734,5.93704483672872,14.345819680705441,40.816326530612244,49,240.0
prodose,0.005495688622151766,single,10000 IU at 60 min,10000.0,60.0,1,10000.0,907.2679662987254,1038.7645791758266,1946.0304250522458,1946.0304250522458,240.0,5.18390779180911,5.609859745196041,13.430835164988794,46.93877551020408,49,240.0
prodose,0.005495688622151766,single,10000 IU at 90 min,10000.0,90.0,1,10000.0,1036.3034344998878,1036.3034344998878,1857.033971265013,1857.033971265013,240.0,5.558452266901331,5.558452266901331,12.32532927339729,44.89795918367347,49,240.0
prodose,0.005495688622151766,single,10000 IU at 120 min,10000.0,120.0,1,10000.0,1112.3244061104006,1112.3244061104006,1731.5367951918306,1731.5367951918306,240.0,5.7635267097294625,5.7635267097294625,11.009741125817175,42.857142857142854,49,240.0
prodose,0.005495688622151766,two_boluses,2 x 2500 IU at 60/120 min,2500.0,60.0,2,5000.0,928.8311977827261,973.610950534549,1737.292856013677,1737.292856013677,240.0,5.778300395543816,5.956261693369626,13.589221652246383,48.97959183673469,49,240.0
prodose,0.005495688622151766,two_boluses,2 x 5000 IU at 60/120 min,5000.0,60.0,2,10000.0,871.0541552243808,936.7339572153242,1838.7836101220382,1838.7836101220382,240.0,4.688064993927166,4.929988971458411,12.170689265705334,55.10204081632652,49,240.0
prodose,0.005495688622151766,two_boluses,2 x 10000 IU at 60/120 min,10000.0,60.0,2,20000.0,755.50007010769,886.9966829847913,2041.7651183387607,2041.7651183387607,240.0,3.237554968654579,3.6635069220415084,10.334808914460364,61.224489795918366,49,240.0
prodose,0.005495688622151766,three_boluses,3 x 2500 IU at 45/90/135 min,2500.0,45.0,3,7500.0,794.2841412935683,935.441182483077,1781.143645593551,1781.143645593551,240.0,4.675093093679451,5.215054532772534,12.757066493478396,55.10204081632652,49,240.0
prodose,0.005495688622151766,three_boluses,3 x 5000 IU at 45/90/135 min,5000.0,45.0,3,15000.0,717.353842539864,895.0491366481342,1926.4851892817824,1926.4851892817824,240.0,3.467643669149597,4.1001109883270415,11.031407996112694,61.224489795918366,49,240.0
prodose,0.005495688622151766,three_boluses,3 x 10000 IU at 45/90/135 min,10000.0,45.0,3,30000.0,563.4932450324568,858.9145767284834,2217.1682766582417,2217.1682766582417,240.0,2.018493061044576,2.9348148743175932,9.061915506446137,67.3469387755102,49,240.0
prodose-2,0.00419150511601981,single,2500 IU at 30 min,2500.0,30.0,1,2500.0,1020.9881427212842,1381.8672649286025,2533.6279643566595,2533.6279643566595,240.0,5.83517524351305,7.09292580615743,16.201502277837278,34.69387755102041,49,240.0
prodose-2,0.00419150511601981,single,2500 IU at 60 min,2500.0,60.0,1,2500.0,1318.9769730531293,1388.6199380719445,2509.0757227447593,2509.0757227447593,240.0,7.122353360522694,7.379869317447671,15.928018710736318,34.69387755102041,49,240.0
prodose-2,0.00419150511601981,single,2500 IU at 90 min,2500.0,90.0,1,2500.0,1563.5487516148219,1563.5487516148219,2477.0554190243583,2477.0554190243583,240.0,8.327200911983704,8.327200911983704,15.600452296317497,24.489795918367346,49,240.0
prodose-2,0.00419150511601981,single,2500 IU at 120 min,2500.0,120.0,1,2500.0,1760.7517926365872,1760.7517926365872,2436.159180922281,2436.159180922281,240.0,9.445793295464645,9.445793295464645,15.21093569675019,6.122448979591836,49,240.0
prodose-2,0.00419150511601981,single,5000 IU at 30 min,5000.0,30.0,1,5000.0,1018.4918835737268,1450.27305586615,2670.349437680474,2670.349437680474,240.0,5.49969551833069,6.904802652105657,15.883890898181345,32.6530612244898,49,240.0
prodose-2,0.00419150511601981,single,5000 IU at 60 min,5000.0,60.0,1,5000.0,1295.022079198366,1409.0856430514243,2621.2449544566716,2621.2449544566716,240.0,6.544051716274751,6.9367385332941325,15.382523597904974,36.734693877551024,49,240.0
prodose-2,0.00419150511601981,single,5000 IU at 90 min,5000.0,90.0,1,5000.0,1515.1212958652993,1515.1212958652993,2557.204347015868,2557.204347015868,240.0,7.473991541686982,7.473991541686982,14.788857353351496,28.57142857142857,49,240.0
prodose-2,0.00419150511601981,single,5000 IU at 120 min,5000.0,120.0,1,5000.0,1684.618413270412,1684.618413270412,2475.411870811713,2475.411870811713,240.0,8.284315866853728,8.284315866853728,14.091336002094119,14.285714285714285,49,240.0
prodose-2,0.00419150511601981,single,10000 IU at 30 min,10000.0,30.0,1,10000.0,1013.4993652786114,1594.1184396822557,2943.7923843281023,2943.7923843281023,240.0,4.951871173339459,6.620388562295535,15.365389416758575,28.57142857142857,49,240.0
prodose-2,0.00419150511601981,single,10000 IU at 60 min,10000.0,60.0,1,10000.0,1247.1122914888413,1477.6817034250269,2845.5834178805017,2845.5834178805017,240.0,5.615330595984994,6.312992560169683,14.506407952230502,38.775510204081634,49,240.0
prodose-2,0.00419150511601981,single,10000 IU at 90 min,10000.0,90.0,1,10000.0,1418.2663843662533,1444.1519965846749,2717.5022029988904,2717.5022029988904,240.0,6.127642980047222,6.210313961738387,13.50776226821642,34.69387755102041,49,240.0
prodose-2,0.00419150511601981,single,10000 IU at 120 min,10000.0,120.0,1,10000.0,1532.3516545380603,1532.3516545380603,2553.917250590581,2553.917250590581,240.0,6.485296470910173,6.485296470910173,12.356245243683723,26.53061224489796,49,240.0
prodose-2,0.00419150511601981,two_boluses,2 x 2500 IU at 60/120 min,2500.0,60.0,2,5000.0,1268.5933669414317,1338.2363319602475,2548.3284126341932,2548.3284126341932,240.0,6.288184990782588,6.545700947707565,14.727108071147464,40.816326530612244,49,240.0
prodose-2,0.00419150511601981,two_boluses,2 x 5000 IU at 60/120 min,5000.0,60.0,2,10000.0,1194.2548669749713,1308.3184308280295,2699.7503342355412,2699.7503342355412,240.0,5.1718314575277216,5.564518274547105,13.40322548251599,44.89795918367347,49,240.0
prodose-2,0.00419150511601981,two_boluses,2 x 10000 IU at 60/120 min,10000.0,60.0,2,20000.0,1045.5778670420518,1276.1472789782374,3002.594177438241,3002.594177438241,240.0,3.6269598537149754,4.324621817899663,11.628807493021935,53.06122448979592,49,240.0
prodose-2,0.00419150511601981,three_boluses,3 x 2500 IU at 45/90/135 min,2500.0,45.0,3,7500.0,1090.994886756752,1282.628501952842,2617.3289673645904,2617.3289673645904,240.0,5.1096462024754565,5.79773710648277,13.972278607851104,42.857142857142854,49,240.0
prodose-2,0.00419150511601981,three_boluses,3 x 5000 IU at 45/90/135 min,5000.0,45.0,3,15000.0,992.063132875961,1245.527763358837,2837.7514436963393,2837.7514436963393,240.0,3.846890845515394,4.69503299418195,12.33814440733397,48.97959183673469,49,240.0
prodose-2,0.00419150511601981,three_boluses,3 x 10000 IU at 45/90/135 min,10000.0,45.0,3,30000.0,794.199625114379,1268.2194999417172,3278.5963963598224,3278.5963963598224,240.0,2.258043372878672,3.624290160249341,10.396732448122265,51.02040816326531,49,240.0
